/*******************************************************************************
 * Size: 32 px
 * Bpp: 4
 * Opts: --font /fonts/Montserrat-Bold.ttf -o /fonts/font_h2_data.c --size 32 --bpp 4 --format lvgl --no-compress --symbols °—•✓● --range 0x20-0x7F
 ******************************************************************************/

#ifdef __has_include
    #if __has_include("lvgl.h")
        #ifndef LV_LVGL_H_INCLUDE_SIMPLE
            #define LV_LVGL_H_INCLUDE_SIMPLE
        #endif
    #endif
#endif

#ifdef LV_LVGL_H_INCLUDE_SIMPLE
    #include "lvgl.h"
#else
    #include "lvgl/lvgl.h"
#endif



#ifndef FONT_H2_DATA
#define FONT_H2_DATA 1
#endif

#if FONT_H2_DATA

/*-----------------
 *    BITMAPS
 *----------------*/

/*Store the image of the glyphs*/
static LV_ATTRIBUTE_LARGE_CONST const uint8_t glyph_bitmap[] = {
    /* U+0020 " " */

    /* U+0021 "!" */
    0x5f, 0xff, 0xff, 0x93, 0xff, 0xff, 0xf8, 0x2f,
    0xff, 0xff, 0x71, 0xff, 0xff, 0xf6, 0x0f, 0xff,
    0xff, 0x50, 0xff, 0xff, 0xf3, 0x0e, 0xff, 0xff,
    0x20, 0xdf, 0xff, 0xf1, 0x0c, 0xff, 0xff, 0x00,
    0xbf, 0xff, 0xf0, 0x0a, 0xff, 0xfe, 0x00, 0x9f,
    0xff, 0xd0, 0x08, 0xff, 0xfc, 0x00, 0x7f, 0xff,
    0xb0, 0x06, 0xff, 0xfa, 0x00, 0x01, 0x11, 0x00,
    0x00, 0x00, 0x00, 0x00, 0x2b, 0xec, 0x40, 0x1e,
    0xff, 0xff, 0x45, 0xff, 0xff, 0xf9, 0x5f, 0xff,
    0xff, 0x91, 0xef, 0xff, 0xf4, 0x02, 0xcf, 0xd5,
    0x00,

    /* U+0022 "\"" */
    0x6f, 0xff, 0xc0, 0x0d, 0xff, 0xf6, 0x6f, 0xff,
    0xc0, 0x0c, 0xff, 0xf5, 0x5f, 0xff, 0xb0, 0x0c,
    0xff, 0xf5, 0x5f, 0xff, 0xb0, 0x0b, 0xff, 0xf4,
    0x4f, 0xff, 0xa0, 0x0b, 0xff, 0xf3, 0x3f, 0xff,
    0x90, 0x0a, 0xff, 0xf3, 0x3f, 0xff, 0x90, 0x09,
    0xff, 0xf2, 0x2f, 0xff, 0x80, 0x09, 0xff, 0xf2,
    0x2f, 0xff, 0x80, 0x08, 0xff, 0xf1, 0x05, 0x55,
    0x20, 0x03, 0x55, 0x50,

    /* U+0023 "#" */
    0x00, 0x00, 0x00, 0x1f, 0xff, 0x70, 0x00, 0x0c,
    0xff, 0xc0, 0x00, 0x00, 0x00, 0x00, 0x03, 0xff,
    0xf5, 0x00, 0x00, 0xef, 0xfa, 0x00, 0x00, 0x00,
    0x00, 0x00, 0x5f, 0xff, 0x30, 0x00, 0x0f, 0xff,
    0x80, 0x00, 0x00, 0x00, 0x00, 0x07, 0xff, 0xf1,
    0x00, 0x02, 0xff, 0xf6, 0x00, 0x00, 0x00, 0x00,
    0x00, 0x9f, 0xff, 0x00, 0x00, 0x5f, 0xff, 0x40,
    0x00, 0x00, 0x4f, 0xff, 0xff, 0xff, 0xff, 0xff,
    0xff, 0xff, 0xff, 0xff, 0xf6, 0x04, 0xff, 0xff,
    0xff, 0xff, 0xff, 0xff, 0xff, 0xff, 0xff, 0xff,
    0x60, 0x4f, 0xff, 0xff, 0xff, 0xff, 0xff, 0xff,
    0xff, 0xff, 0xff, 0xf6, 0x02, 0x99, 0x9a, 0xff,
    0xfc, 0x99, 0x99, 0xef, 0xfe, 0x99, 0x99, 0x30,
    0x00, 0x00, 0x3f, 0xff, 0x60, 0x00, 0x0e, 0xff,
    0xb0, 0x00, 0x00, 0x00, 0x00, 0x05, 0xff, 0xf4,
    0x00, 0x00, 0xff, 0xf9, 0x00, 0x00, 0x00, 0x00,
    0x00, 0x7f, 0xff, 0x20, 0x00, 0x2f, 0xff, 0x70,
    0x00, 0x00, 0x00, 0x00, 0x09, 0xff, 0xf0, 0x00,
    0x04, 0xff, 0xf5, 0x00, 0x00, 0x00, 0x00, 0x00,
    0xbf, 0xfe, 0x00, 0x00, 0x6f, 0xff, 0x30, 0x00,
    0x00, 0x5f, 0xff, 0xff, 0xff, 0xff, 0xff, 0xff,
    0xff, 0xff, 0xff, 0xf5, 0x05, 0xff, 0xff, 0xff,
    0xff, 0xff, 0xff, 0xff, 0xff, 0xff, 0xff, 0x50,
    0x5f, 0xff, 0xff, 0xff, 0xff, 0xff, 0xff, 0xff,
    0xff, 0xff, 0xf5, 0x03, 0x99, 0x9a, 0xff, 0xfc,
    0x99, 0x99, 0xff, 0xfe, 0x99, 0x99, 0x20, 0x00,
    0x00, 0x4f, 0xff, 0x50, 0x00, 0x0f, 0xff, 0xa0,
    0x00, 0x00, 0x00, 0x00, 0x06, 0xff, 0xf3, 0x00,
    0x01, 0xff, 0xf8, 0x00, 0x00, 0x00, 0x00, 0x00,
    0x8f, 0xff, 0x10, 0x00, 0x3f, 0xff, 0x60, 0x00,
    0x00, 0x00, 0x00, 0x0a, 0xff, 0xf0, 0x00, 0x05,
    0xff, 0xf4, 0x00, 0x00, 0x00, 0x00, 0x00, 0xcf,
    0xfd, 0x00, 0x00, 0x7f, 0xff, 0x20, 0x00, 0x00,
    0x00,

    /* U+0024 "$" */
    0x00, 0x00, 0x00, 0x00, 0x3f, 0xff, 0x00, 0x00,
    0x00, 0x00, 0x00, 0x00, 0x00, 0x00, 0x3f, 0xff,
    0x00, 0x00, 0x00, 0x00, 0x00, 0x00, 0x00, 0x00,
    0x3f, 0xff, 0x00, 0x00, 0x00, 0x00, 0x00, 0x00,
    0x00, 0x00, 0x3f, 0xff, 0x00, 0x00, 0x00, 0x00,
    0x00, 0x00, 0x02, 0x8b, 0xef, 0xff, 0xfe, 0xb7,
    0x20, 0x00, 0x00, 0x00, 0x9f, 0xff, 0xff, 0xff,
    0xff, 0xff, 0xfb, 0x20, 0x00, 0x0d, 0xff, 0xff,
    0xff, 0xff, 0xff, 0xff, 0xff, 0x40, 0x00, 0xaf,
    0xff, 0xff, 0xff, 0xff, 0xff, 0xff, 0xfe, 0x00,
    0x02, 0xff, 0xff, 0xfc, 0x8f, 0xff, 0x37, 0xbf,
    0xf7, 0x00, 0x07, 0xff, 0xff, 0xd0, 0x3f, 0xff,
    0x00, 0x01, 0x91, 0x00, 0x09, 0xff, 0xff, 0x80,
    0x3f, 0xff, 0x00, 0x00, 0x00, 0x00, 0x09, 0xff,
    0xff, 0xc0, 0x3f, 0xff, 0x00, 0x00, 0x00, 0x00,
    0x07, 0xff, 0xff, 0xfc, 0x7f, 0xff, 0x00, 0x00,
    0x00, 0x00, 0x01, 0xff, 0xff, 0xff, 0xff, 0xff,
    0x40, 0x00, 0x00, 0x00, 0x00, 0x6f, 0xff, 0xff,
    0xff, 0xff, 0xff, 0xb5, 0x00, 0x00, 0x00, 0x05,
    0xef, 0xff, 0xff, 0xff, 0xff, 0xff, 0xd3, 0x00,
    0x00, 0x00, 0x17, 0xdf, 0xff, 0xff, 0xff, 0xff,
    0xff, 0x40, 0x00, 0x00, 0x00, 0x01, 0x7f, 0xff,
    0xff, 0xff, 0xff, 0xe0, 0x00, 0x00, 0x00, 0x00,
    0x3f, 0xff, 0x7e, 0xff, 0xff, 0xf4, 0x00, 0x00,
    0x00, 0x00, 0x3f, 0xff, 0x01, 0xef, 0xff, 0xf7,
    0x00, 0x20, 0x00, 0x00, 0x3f, 0xff, 0x00, 0xaf,
    0xff, 0xf7, 0x00, 0xcd, 0x60, 0x00, 0x3f, 0xff,
    0x00, 0xef, 0xff, 0xf5, 0x03, 0xff, 0xfe, 0xa5,
    0x5f, 0xff, 0x6d, 0xff, 0xff, 0xf0, 0x0a, 0xff,
    0xff, 0xff, 0xff, 0xff, 0xff, 0xff, 0xff, 0x70,
    0x0d, 0xff, 0xff, 0xff, 0xff, 0xff, 0xff, 0xff,
    0xfa, 0x00, 0x00, 0x8e, 0xff, 0xff, 0xff, 0xff,
    0xff, 0xff, 0x70, 0x00, 0x00, 0x00, 0x59, 0xce,
    0xff, 0xff, 0xda, 0x60, 0x00, 0x00, 0x00, 0x00,
    0x00, 0x00, 0x3f, 0xff, 0x00, 0x00, 0x00, 0x00,
    0x00, 0x00, 0x00, 0x00, 0x3f, 0xff, 0x00, 0x00,
    0x00, 0x00, 0x00, 0x00, 0x00, 0x00, 0x3f, 0xff,
    0x00, 0x00, 0x00, 0x00, 0x00, 0x00, 0x00, 0x00,
    0x3f, 0xff, 0x00, 0x00, 0x00, 0x00,

    /* U+0025 "%" */
    0x00, 0x03, 0xae, 0xfe, 0x92, 0x00, 0x00, 0x00,
    0x00, 0x08, 0xff, 0xf4, 0x00, 0x00, 0x00, 0x6f,
    0xff, 0xff, 0xff, 0x40, 0x00, 0x00, 0x00, 0x3f,
    0xff, 0x90, 0x00, 0x00, 0x03, 0xff, 0xfe, 0xcf,
    0xff, 0xf1, 0x00, 0x00, 0x00, 0xdf, 0xfd, 0x00,
    0x00, 0x00, 0x0b, 0xff, 0xc0, 0x01, 0xef, 0xf8,
    0x00, 0x00, 0x08, 0xff, 0xf4, 0x00, 0x00, 0x00,
    0x0f, 0xff, 0x50, 0x00, 0x7f, 0xfd, 0x00, 0x00,
    0x3f, 0xff, 0x90, 0x00, 0x00, 0x00, 0x1f, 0xff,
    0x20, 0x00, 0x4f, 0xfe, 0x00, 0x00, 0xdf, 0xfd,
    0x00, 0x00, 0x00, 0x00, 0x1f, 0xff, 0x20, 0x00,
    0x4f, 0xfe, 0x00, 0x08, 0xff, 0xf4, 0x00, 0x00,
    0x00, 0x00, 0x0f, 0xff, 0x40, 0x00, 0x7f, 0xfd,
    0x00, 0x3f, 0xff, 0x90, 0x00, 0x00, 0x00, 0x00,
    0x0b, 0xff, 0xc0, 0x01, 0xef, 0xf8, 0x00, 0xdf,
    0xfe, 0x00, 0x00, 0x00, 0x00, 0x00, 0x03, 0xff,
    0xfe, 0xcf, 0xff, 0xf1, 0x08, 0xff, 0xf4, 0x00,
    0x00, 0x00, 0x00, 0x00, 0x00, 0x7f, 0xff, 0xff,
    0xff, 0x40, 0x3f, 0xff, 0x90, 0x04, 0x9a, 0x96,
    0x00, 0x00, 0x00, 0x03, 0xae, 0xfe, 0x92, 0x00,
    0xdf, 0xfe, 0x00, 0xbf, 0xff, 0xff, 0xd2, 0x00,
    0x00, 0x00, 0x00, 0x00, 0x00, 0x08, 0xff, 0xf4,
    0x0b, 0xff, 0xff, 0xff, 0xfe, 0x10, 0x00, 0x00,
    0x00, 0x00, 0x00, 0x3f, 0xff, 0x90, 0x4f, 0xff,
    0x71, 0x4e, 0xff, 0x90, 0x00, 0x00, 0x00, 0x00,
    0x00, 0xdf, 0xfe, 0x00, 0xaf, 0xfb, 0x00, 0x06,
    0xff, 0xe0, 0x00, 0x00, 0x00, 0x00, 0x08, 0xff,
    0xf4, 0x00, 0xdf, 0xf6, 0x00, 0x02, 0xff, 0xf1,
    0x00, 0x00, 0x00, 0x00, 0x3f, 0xff, 0x90, 0x00,
    0xef, 0xf5, 0x00, 0x00, 0xff, 0xf2, 0x00, 0x00,
    0x00, 0x00, 0xdf, 0xfe, 0x00, 0x00, 0xdf, 0xf6,
    0x00, 0x01, 0xff, 0xf2, 0x00, 0x00, 0x00, 0x08,
    0xff, 0xf4, 0x00, 0x00, 0xbf, 0xf9, 0x00, 0x04,
    0xff, 0xf0, 0x00, 0x00, 0x00, 0x3f, 0xff, 0x90,
    0x00, 0x00, 0x6f, 0xff, 0x20, 0x0c, 0xff, 0xb0,
    0x00, 0x00, 0x00, 0xdf, 0xfe, 0x00, 0x00, 0x00,
    0x0e, 0xff, 0xfc, 0xef, 0xff, 0x30, 0x00, 0x00,
    0x08, 0xff, 0xf4, 0x00, 0x00, 0x00, 0x03, 0xef,
    0xff, 0xff, 0xf6, 0x00, 0x00, 0x00, 0x3f, 0xff,
    0x90, 0x00, 0x00, 0x00, 0x00, 0x19, 0xef, 0xea,
    0x30, 0x00,

    /* U+0026 "&" */
    0x00, 0x00, 0x01, 0x7b, 0xef, 0xfd, 0x92, 0x00,
    0x00, 0x00, 0x00, 0x00, 0x00, 0x4e, 0xff, 0xff,
    0xff, 0xff, 0x80, 0x00, 0x00, 0x00, 0x00, 0x03,
    0xff, 0xff, 0xff, 0xff, 0xff, 0xf6, 0x00, 0x00,
    0x00, 0x00, 0x0c, 0xff, 0xff, 0xc8, 0x9f, 0xff,
    0xfe, 0x00, 0x00, 0x00, 0x00, 0x1f, 0xff, 0xfa,
    0x00, 0x04, 0xff, 0xff, 0x10, 0x00, 0x00, 0x00,
    0x3f, 0xff, 0xf5, 0x00, 0x01, 0xff, 0xff, 0x20,
    0x00, 0x00, 0x00, 0x1f, 0xff, 0xf8, 0x00, 0x06,
    0xff, 0xff, 0x00, 0x00, 0x00, 0x00, 0x0c, 0xff,
    0xff, 0x20, 0x6f, 0xff, 0xf9, 0x00, 0x00, 0x00,
    0x00, 0x04, 0xff, 0xff, 0xeb, 0xff, 0xff, 0xc0,
    0x00, 0x00, 0x00, 0x00, 0x00, 0x8f, 0xff, 0xff,
    0xff, 0xfb, 0x00, 0x00, 0x00, 0x00, 0x00, 0x00,
    0x6f, 0xff, 0xff, 0xff, 0x60, 0x00, 0x00, 0x00,
    0x00, 0x00, 0x1b, 0xff, 0xff, 0xff, 0xff, 0x80,
    0x00, 0x1c, 0x72, 0x00, 0x02, 0xef, 0xff, 0xfe,
    0xff, 0xff, 0xfa, 0x00, 0x5f, 0xff, 0xc0, 0x0d,
    0xff, 0xff, 0xa0, 0x5f, 0xff, 0xff, 0xb0, 0xbf,
    0xff, 0xa0, 0x6f, 0xff, 0xfa, 0x00, 0x04, 0xff,
    0xff, 0xfc, 0xff, 0xff, 0x50, 0xbf, 0xff, 0xf2,
    0x00, 0x00, 0x3e, 0xff, 0xff, 0xff, 0xfe, 0x00,
    0xdf, 0xff, 0xf1, 0x00, 0x00, 0x02, 0xef, 0xff,
    0xff, 0xf6, 0x00, 0xcf, 0xff, 0xf7, 0x00, 0x00,
    0x00, 0x2f, 0xff, 0xff, 0xf4, 0x00, 0x9f, 0xff,
    0xff, 0x93, 0x10, 0x26, 0xdf, 0xff, 0xff, 0xff,
    0x40, 0x2f, 0xff, 0xff, 0xff, 0xff, 0xff, 0xff,
    0xff, 0xff, 0xff, 0xf4, 0x04, 0xff, 0xff, 0xff,
    0xff, 0xff, 0xff, 0xfd, 0xbf, 0xff, 0xd1, 0x00,
    0x3c, 0xff, 0xff, 0xff, 0xff, 0xff, 0x80, 0x0a,
    0xff, 0x20, 0x00, 0x00, 0x48, 0xce, 0xff, 0xda,
    0x60, 0x00, 0x00, 0x94, 0x00,

    /* U+0027 "'" */
    0x6f, 0xff, 0xc6, 0xff, 0xfc, 0x5f, 0xff, 0xb5,
    0xff, 0xfb, 0x4f, 0xff, 0xa3, 0xff, 0xf9, 0x3f,
    0xff, 0x92, 0xff, 0xf8, 0x2f, 0xff, 0x80, 0x55,
    0x52,

    /* U+0028 "(" */
    0x00, 0x00, 0xbd, 0xdd, 0xc0, 0x00, 0x06, 0xff,
    0xff, 0x60, 0x00, 0x0e, 0xff, 0xfe, 0x00, 0x00,
    0x6f, 0xff, 0xf8, 0x00, 0x00, 0xbf, 0xff, 0xf2,
    0x00, 0x01, 0xff, 0xff, 0xc0, 0x00, 0x06, 0xff,
    0xff, 0x70, 0x00, 0x0b, 0xff, 0xff, 0x30, 0x00,
    0x0f, 0xff, 0xff, 0x00, 0x00, 0x2f, 0xff, 0xfd,
    0x00, 0x00, 0x4f, 0xff, 0xfa, 0x00, 0x00, 0x6f,
    0xff, 0xf7, 0x00, 0x00, 0x8f, 0xff, 0xf6, 0x00,
    0x00, 0x9f, 0xff, 0xf5, 0x00, 0x00, 0xaf, 0xff,
    0xf4, 0x00, 0x00, 0xaf, 0xff, 0xf3, 0x00, 0x00,
    0xaf, 0xff, 0xf4, 0x00, 0x00, 0x9f, 0xff, 0xf5,
    0x00, 0x00, 0x8f, 0xff, 0xf6, 0x00, 0x00, 0x7f,
    0xff, 0xf7, 0x00, 0x00, 0x5f, 0xff, 0xf9, 0x00,
    0x00, 0x2f, 0xff, 0xfc, 0x00, 0x00, 0x0f, 0xff,
    0xff, 0x00, 0x00, 0x0c, 0xff, 0xff, 0x20, 0x00,
    0x07, 0xff, 0xff, 0x60, 0x00, 0x02, 0xff, 0xff,
    0xb0, 0x00, 0x00, 0xcf, 0xff, 0xf1, 0x00, 0x00,
    0x7f, 0xff, 0xf7, 0x00, 0x00, 0x0e, 0xff, 0xfd,
    0x00, 0x00, 0x07, 0xff, 0xff, 0x50, 0x00, 0x00,
    0xef, 0xff, 0xd0,

    /* U+0029 ")" */
    0x6d, 0xdd, 0xd4, 0x00, 0x00, 0x0e, 0xff, 0xfc,
    0x00, 0x00, 0x08, 0xff, 0xff, 0x50, 0x00, 0x01,
    0xff, 0xff, 0xd0, 0x00, 0x00, 0xbf, 0xff, 0xf3,
    0x00, 0x00, 0x5f, 0xff, 0xf8, 0x00, 0x00, 0x0f,
    0xff, 0xfe, 0x00, 0x00, 0x0c, 0xff, 0xff, 0x20,
    0x00, 0x08, 0xff, 0xff, 0x60, 0x00, 0x06, 0xff,
    0xff, 0x90, 0x00, 0x03, 0xff, 0xff, 0xc0, 0x00,
    0x00, 0xff, 0xff, 0xe0, 0x00, 0x00, 0xff, 0xff,
    0xf0, 0x00, 0x00, 0xef, 0xff, 0xf0, 0x00, 0x00,
    0xdf, 0xff, 0xf1, 0x00, 0x00, 0xcf, 0xff, 0xf1,
    0x00, 0x00, 0xdf, 0xff, 0xf1, 0x00, 0x00, 0xef,
    0xff, 0xf1, 0x00, 0x00, 0xff, 0xff, 0xf0, 0x00,
    0x00, 0xff, 0xff, 0xe0, 0x00, 0x02, 0xff, 0xff,
    0xc0, 0x00, 0x05, 0xff, 0xff, 0x90, 0x00, 0x08,
    0xff, 0xff, 0x60, 0x00, 0x0b, 0xff, 0xff, 0x30,
    0x00, 0x0f, 0xff, 0xfe, 0x00, 0x00, 0x4f, 0xff,
    0xf9, 0x00, 0x00, 0xaf, 0xff, 0xf4, 0x00, 0x00,
    0xff, 0xff, 0xe0, 0x00, 0x07, 0xff, 0xff, 0x60,
    0x00, 0x0e, 0xff, 0xfd, 0x00, 0x00, 0x6f, 0xff,
    0xf5, 0x00, 0x00,

    /* U+002A "*" */
    0x00, 0x00, 0x00, 0x00, 0x00, 0x00, 0x00, 0x00,
    0x00, 0x08, 0xff, 0x70, 0x00, 0x00, 0x00, 0x00,
    0x08, 0xff, 0x60, 0x00, 0x00, 0x07, 0xd3, 0x08,
    0xff, 0x60, 0x4e, 0x40, 0x1e, 0xff, 0x99, 0xff,
    0x8b, 0xff, 0xd0, 0x5f, 0xff, 0xff, 0xff, 0xff,
    0xff, 0xf3, 0x02, 0xbf, 0xff, 0xff, 0xff, 0xfa,
    0x10, 0x00, 0x08, 0xff, 0xff, 0xff, 0x60, 0x00,
    0x02, 0xbf, 0xff, 0xff, 0xff, 0xfa, 0x10, 0x5f,
    0xff, 0xff, 0xff, 0xff, 0xff, 0xf3, 0x1e, 0xff,
    0x99, 0xff, 0x7a, 0xff, 0xd0, 0x06, 0xc3, 0x08,
    0xff, 0x60, 0x4d, 0x40, 0x00, 0x00, 0x08, 0xff,
    0x60, 0x00, 0x00, 0x00, 0x00, 0x08, 0xff, 0x70,
    0x00, 0x00,

    /* U+002B "+" */
    0x00, 0x00, 0x00, 0x13, 0x33, 0x20, 0x00, 0x00,
    0x00, 0x00, 0x00, 0x07, 0xff, 0xfa, 0x00, 0x00,
    0x00, 0x00, 0x00, 0x00, 0x7f, 0xff, 0xa0, 0x00,
    0x00, 0x00, 0x00, 0x00, 0x07, 0xff, 0xfa, 0x00,
    0x00, 0x00, 0x00, 0x00, 0x00, 0x7f, 0xff, 0xa0,
    0x00, 0x00, 0x00, 0x00, 0x00, 0x07, 0xff, 0xfa,
    0x00, 0x00, 0x00, 0x0f, 0xff, 0xff, 0xff, 0xff,
    0xff, 0xff, 0xff, 0x30, 0xff, 0xff, 0xff, 0xff,
    0xff, 0xff, 0xff, 0xf3, 0x0f, 0xff, 0xff, 0xff,
    0xff, 0xff, 0xff, 0xff, 0x30, 0xff, 0xff, 0xff,
    0xff, 0xff, 0xff, 0xff, 0xf3, 0x00, 0x00, 0x00,
    0x7f, 0xff, 0xa0, 0x00, 0x00, 0x00, 0x00, 0x00,
    0x07, 0xff, 0xfa, 0x00, 0x00, 0x00, 0x00, 0x00,
    0x00, 0x7f, 0xff, 0xa0, 0x00, 0x00, 0x00, 0x00,
    0x00, 0x07, 0xff, 0xfa, 0x00, 0x00, 0x00, 0x00,
    0x00, 0x00, 0x7f, 0xff, 0xa0, 0x00, 0x00, 0x00,
    0x00, 0x00, 0x07, 0xff, 0xfa, 0x00, 0x00, 0x00,

    /* U+002C "," */
    0x00, 0x12, 0x00, 0x00, 0xaf, 0xfe, 0x30, 0x8f,
    0xff, 0xfe, 0x0c, 0xff, 0xff, 0xf3, 0xcf, 0xff,
    0xff, 0x37, 0xff, 0xff, 0xf0, 0x09, 0xff, 0xfb,
    0x00, 0x6f, 0xff, 0x50, 0x0a, 0xff, 0xe0, 0x00,
    0xef, 0xf9, 0x00, 0x2f, 0xff, 0x20, 0x06, 0xff,
    0xc0, 0x00,

    /* U+002D "-" */
    0x02, 0x22, 0x22, 0x22, 0x21, 0x5f, 0xff, 0xff,
    0xff, 0xfb, 0x5f, 0xff, 0xff, 0xff, 0xfb, 0x5f,
    0xff, 0xff, 0xff, 0xfb, 0x5f, 0xff, 0xff, 0xff,
    0xfb,

    /* U+002E "." */
    0x00, 0x45, 0x10, 0x01, 0xdf, 0xff, 0x50, 0xaf,
    0xff, 0xff, 0x1d, 0xff, 0xff, 0xf3, 0xcf, 0xff,
    0xff, 0x26, 0xff, 0xff, 0xc0, 0x06, 0xde, 0xa1,
    0x00,

    /* U+002F "/" */
    0x00, 0x00, 0x00, 0x00, 0x00, 0x0a, 0xff, 0xfc,
    0x00, 0x00, 0x00, 0x00, 0x00, 0x0f, 0xff, 0xf7,
    0x00, 0x00, 0x00, 0x00, 0x00, 0x5f, 0xff, 0xf1,
    0x00, 0x00, 0x00, 0x00, 0x00, 0xbf, 0xff, 0xc0,
    0x00, 0x00, 0x00, 0x00, 0x00, 0xff, 0xff, 0x60,
    0x00, 0x00, 0x00, 0x00, 0x06, 0xff, 0xff, 0x10,
    0x00, 0x00, 0x00, 0x00, 0x0b, 0xff, 0xfb, 0x00,
    0x00, 0x00, 0x00, 0x00, 0x1f, 0xff, 0xf6, 0x00,
    0x00, 0x00, 0x00, 0x00, 0x6f, 0xff, 0xf1, 0x00,
    0x00, 0x00, 0x00, 0x00, 0xbf, 0xff, 0xb0, 0x00,
    0x00, 0x00, 0x00, 0x01, 0xff, 0xff, 0x50, 0x00,
    0x00, 0x00, 0x00, 0x06, 0xff, 0xff, 0x00, 0x00,
    0x00, 0x00, 0x00, 0x0c, 0xff, 0xfb, 0x00, 0x00,
    0x00, 0x00, 0x00, 0x1f, 0xff, 0xf5, 0x00, 0x00,
    0x00, 0x00, 0x00, 0x7f, 0xff, 0xf0, 0x00, 0x00,
    0x00, 0x00, 0x00, 0xcf, 0xff, 0xa0, 0x00, 0x00,
    0x00, 0x00, 0x02, 0xff, 0xff, 0x50, 0x00, 0x00,
    0x00, 0x00, 0x07, 0xff, 0xff, 0x00, 0x00, 0x00,
    0x00, 0x00, 0x0c, 0xff, 0xfa, 0x00, 0x00, 0x00,
    0x00, 0x00, 0x2f, 0xff, 0xf4, 0x00, 0x00, 0x00,
    0x00, 0x00, 0x7f, 0xff, 0xf0, 0x00, 0x00, 0x00,
    0x00, 0x00, 0xdf, 0xff, 0xa0, 0x00, 0x00, 0x00,
    0x00, 0x02, 0xff, 0xff, 0x40, 0x00, 0x00, 0x00,
    0x00, 0x08, 0xff, 0xfe, 0x00, 0x00, 0x00, 0x00,
    0x00, 0x0d, 0xff, 0xf9, 0x00, 0x00, 0x00, 0x00,
    0x00, 0x3f, 0xff, 0xf4, 0x00, 0x00, 0x00, 0x00,
    0x00, 0x8f, 0xff, 0xe0, 0x00, 0x00, 0x00, 0x00,
    0x00, 0xdf, 0xff, 0x90, 0x00, 0x00, 0x00, 0x00,
    0x03, 0xff, 0xff, 0x30, 0x00, 0x00, 0x00, 0x00,
    0x08, 0xff, 0xfe, 0x00, 0x00, 0x00, 0x00, 0x00,
    0x0e, 0xff, 0xf8, 0x00, 0x00, 0x00, 0x00, 0x00,

    /* U+0030 "0" */
    0x00, 0x00, 0x00, 0x6b, 0xef, 0xfd, 0xa4, 0x00,
    0x00, 0x00, 0x00, 0x00, 0x5e, 0xff, 0xff, 0xff,
    0xff, 0xc2, 0x00, 0x00, 0x00, 0x07, 0xff, 0xff,
    0xff, 0xff, 0xff, 0xff, 0x30, 0x00, 0x00, 0x5f,
    0xff, 0xff, 0xff, 0xff, 0xff, 0xff, 0xf2, 0x00,
    0x01, 0xff, 0xff, 0xff, 0xc9, 0x9e, 0xff, 0xff,
    0xfc, 0x00, 0x09, 0xff, 0xff, 0xf6, 0x00, 0x00,
    0xaf, 0xff, 0xff, 0x40, 0x0f, 0xff, 0xff, 0x80,
    0x00, 0x00, 0x0c, 0xff, 0xff, 0xa0, 0x4f, 0xff,
    0xff, 0x10, 0x00, 0x00, 0x05, 0xff, 0xff, 0xf0,
    0x7f, 0xff, 0xfc, 0x00, 0x00, 0x00, 0x00, 0xff,
    0xff, 0xf3, 0xaf, 0xff, 0xf9, 0x00, 0x00, 0x00,
    0x00, 0xef, 0xff, 0xf5, 0xbf, 0xff, 0xf8, 0x00,
    0x00, 0x00, 0x00, 0xdf, 0xff, 0xf6, 0xbf, 0xff,
    0xf8, 0x00, 0x00, 0x00, 0x00, 0xcf, 0xff, 0xf7,
    0xbf, 0xff, 0xf8, 0x00, 0x00, 0x00, 0x00, 0xdf,
    0xff, 0xf6, 0xaf, 0xff, 0xf9, 0x00, 0x00, 0x00,
    0x00, 0xef, 0xff, 0xf5, 0x7f, 0xff, 0xfc, 0x00,
    0x00, 0x00, 0x00, 0xff, 0xff, 0xf3, 0x4f, 0xff,
    0xff, 0x10, 0x00, 0x00, 0x05, 0xff, 0xff, 0xf0,
    0x0f, 0xff, 0xff, 0x80, 0x00, 0x00, 0x0c, 0xff,
    0xff, 0xb0, 0x09, 0xff, 0xff, 0xf5, 0x00, 0x00,
    0x9f, 0xff, 0xff, 0x40, 0x01, 0xff, 0xff, 0xff,
    0xc8, 0x9e, 0xff, 0xff, 0xfc, 0x00, 0x00, 0x6f,
    0xff, 0xff, 0xff, 0xff, 0xff, 0xff, 0xf2, 0x00,
    0x00, 0x07, 0xff, 0xff, 0xff, 0xff, 0xff, 0xff,
    0x40, 0x00, 0x00, 0x00, 0x5e, 0xff, 0xff, 0xff,
    0xff, 0xc2, 0x00, 0x00, 0x00, 0x00, 0x00, 0x6b,
    0xef, 0xfd, 0xa4, 0x00, 0x00, 0x00,

    /* U+0031 "1" */
    0xcf, 0xff, 0xff, 0xff, 0xfe, 0xcf, 0xff, 0xff,
    0xff, 0xfe, 0xcf, 0xff, 0xff, 0xff, 0xfe, 0xcf,
    0xff, 0xff, 0xff, 0xfe, 0x34, 0x44, 0x7f, 0xff,
    0xfe, 0x00, 0x00, 0x4f, 0xff, 0xfe, 0x00, 0x00,
    0x4f, 0xff, 0xfe, 0x00, 0x00, 0x4f, 0xff, 0xfe,
    0x00, 0x00, 0x4f, 0xff, 0xfe, 0x00, 0x00, 0x4f,
    0xff, 0xfe, 0x00, 0x00, 0x4f, 0xff, 0xfe, 0x00,
    0x00, 0x4f, 0xff, 0xfe, 0x00, 0x00, 0x4f, 0xff,
    0xfe, 0x00, 0x00, 0x4f, 0xff, 0xfe, 0x00, 0x00,
    0x4f, 0xff, 0xfe, 0x00, 0x00, 0x4f, 0xff, 0xfe,
    0x00, 0x00, 0x4f, 0xff, 0xfe, 0x00, 0x00, 0x4f,
    0xff, 0xfe, 0x00, 0x00, 0x4f, 0xff, 0xfe, 0x00,
    0x00, 0x4f, 0xff, 0xfe, 0x00, 0x00, 0x4f, 0xff,
    0xfe, 0x00, 0x00, 0x4f, 0xff, 0xfe, 0x00, 0x00,
    0x4f, 0xff, 0xfe,

    /* U+0032 "2" */
    0x00, 0x00, 0x38, 0xce, 0xff, 0xdb, 0x61, 0x00,
    0x00, 0x00, 0x2c, 0xff, 0xff, 0xff, 0xff, 0xff,
    0x70, 0x00, 0x05, 0xff, 0xff, 0xff, 0xff, 0xff,
    0xff, 0xf9, 0x00, 0x4f, 0xff, 0xff, 0xff, 0xff,
    0xff, 0xff, 0xff, 0x60, 0x8f, 0xff, 0xff, 0xc9,
    0x89, 0xef, 0xff, 0xff, 0xe0, 0x03, 0xdf, 0xd3,
    0x00, 0x00, 0x0a, 0xff, 0xff, 0xf2, 0x00, 0x07,
    0x10, 0x00, 0x00, 0x02, 0xff, 0xff, 0xf3, 0x00,
    0x00, 0x00, 0x00, 0x00, 0x00, 0xff, 0xff, 0xf3,
    0x00, 0x00, 0x00, 0x00, 0x00, 0x03, 0xff, 0xff,
    0xf0, 0x00, 0x00, 0x00, 0x00, 0x00, 0x0a, 0xff,
    0xff, 0xb0, 0x00, 0x00, 0x00, 0x00, 0x00, 0x6f,
    0xff, 0xff, 0x30, 0x00, 0x00, 0x00, 0x00, 0x06,
    0xff, 0xff, 0xf9, 0x00, 0x00, 0x00, 0x00, 0x00,
    0x7f, 0xff, 0xff, 0xb0, 0x00, 0x00, 0x00, 0x00,
    0x08, 0xff, 0xff, 0xfb, 0x00, 0x00, 0x00, 0x00,
    0x00, 0x9f, 0xff, 0xff, 0xb0, 0x00, 0x00, 0x00,
    0x00, 0x0a, 0xff, 0xff, 0xfa, 0x00, 0x00, 0x00,
    0x00, 0x00, 0xbf, 0xff, 0xff, 0x90, 0x00, 0x00,
    0x00, 0x00, 0x0b, 0xff, 0xff, 0xf8, 0x00, 0x00,
    0x00, 0x00, 0x01, 0xcf, 0xff, 0xff, 0xc5, 0x55,
    0x55, 0x55, 0x55, 0x0c, 0xff, 0xff, 0xff, 0xff,
    0xff, 0xff, 0xff, 0xff, 0x0f, 0xff, 0xff, 0xff,
    0xff, 0xff, 0xff, 0xff, 0xff, 0x0f, 0xff, 0xff,
    0xff, 0xff, 0xff, 0xff, 0xff, 0xff, 0x0f, 0xff,
    0xff, 0xff, 0xff, 0xff, 0xff, 0xff, 0xff,

    /* U+0033 "3" */
    0x00, 0xef, 0xff, 0xff, 0xff, 0xff, 0xff, 0xff,
    0xfc, 0x00, 0x0e, 0xff, 0xff, 0xff, 0xff, 0xff,
    0xff, 0xff, 0xc0, 0x00, 0xef, 0xff, 0xff, 0xff,
    0xff, 0xff, 0xff, 0xfc, 0x00, 0x0e, 0xff, 0xff,
    0xff, 0xff, 0xff, 0xff, 0xff, 0xa0, 0x00, 0x44,
    0x44, 0x44, 0x44, 0x4c, 0xff, 0xff, 0xc0, 0x00,
    0x00, 0x00, 0x00, 0x00, 0x07, 0xff, 0xff, 0xd1,
    0x00, 0x00, 0x00, 0x00, 0x00, 0x05, 0xff, 0xff,
    0xe2, 0x00, 0x00, 0x00, 0x00, 0x00, 0x04, 0xff,
    0xff, 0xf3, 0x00, 0x00, 0x00, 0x00, 0x00, 0x02,
    0xff, 0xff, 0xf5, 0x00, 0x00, 0x00, 0x00, 0x00,
    0x00, 0xef, 0xff, 0xff, 0x94, 0x00, 0x00, 0x00,
    0x00, 0x00, 0x0f, 0xff, 0xff, 0xff, 0xfd, 0x30,
    0x00, 0x00, 0x00, 0x00, 0xff, 0xff, 0xff, 0xff,
    0xff, 0x40, 0x00, 0x00, 0x00, 0x0e, 0xee, 0xff,
    0xff, 0xff, 0xfe, 0x00, 0x00, 0x00, 0x00, 0x00,
    0x00, 0x2a, 0xff, 0xff, 0xf6, 0x00, 0x00, 0x00,
    0x00, 0x00, 0x00, 0x0c, 0xff, 0xff, 0xa0, 0x00,
    0x00, 0x00, 0x00, 0x00, 0x00, 0x7f, 0xff, 0xfc,
    0x00, 0x13, 0x00, 0x00, 0x00, 0x00, 0x09, 0xff,
    0xff, 0xb0, 0x08, 0xf9, 0x20, 0x00, 0x00, 0x05,
    0xff, 0xff, 0xf8, 0x01, 0xff, 0xff, 0xda, 0x88,
    0x9d, 0xff, 0xff, 0xff, 0x20, 0x8f, 0xff, 0xff,
    0xff, 0xff, 0xff, 0xff, 0xff, 0xa0, 0x0c, 0xff,
    0xff, 0xff, 0xff, 0xff, 0xff, 0xff, 0xc0, 0x00,
    0x06, 0xdf, 0xff, 0xff, 0xff, 0xff, 0xff, 0x80,
    0x00, 0x00, 0x00, 0x37, 0xbd, 0xef, 0xfd, 0xb7,
    0x10, 0x00, 0x00,

    /* U+0034 "4" */
    0x00, 0x00, 0x00, 0x00, 0x00, 0x0c, 0xff, 0xff,
    0xa0, 0x00, 0x00, 0x00, 0x00, 0x00, 0x00, 0x00,
    0x8f, 0xff, 0xfd, 0x00, 0x00, 0x00, 0x00, 0x00,
    0x00, 0x00, 0x04, 0xff, 0xff, 0xf3, 0x00, 0x00,
    0x00, 0x00, 0x00, 0x00, 0x00, 0x1e, 0xff, 0xff,
    0x70, 0x00, 0x00, 0x00, 0x00, 0x00, 0x00, 0x00,
    0xbf, 0xff, 0xfc, 0x00, 0x00, 0x00, 0x00, 0x00,
    0x00, 0x00, 0x07, 0xff, 0xff, 0xe1, 0x00, 0x00,
    0x00, 0x00, 0x00, 0x00, 0x00, 0x3f, 0xff, 0xff,
    0x50, 0x00, 0x00, 0x00, 0x00, 0x00, 0x00, 0x01,
    0xef, 0xff, 0xf9, 0x00, 0x00, 0x00, 0x00, 0x00,
    0x00, 0x00, 0x0a, 0xff, 0xff, 0xd0, 0x00, 0x00,
    0x00, 0x00, 0x00, 0x00, 0x00, 0x6f, 0xff, 0xff,
    0x30, 0x07, 0x99, 0x99, 0x10, 0x00, 0x00, 0x02,
    0xff, 0xff, 0xf7, 0x00, 0x0c, 0xff, 0xff, 0x10,
    0x00, 0x00, 0x0d, 0xff, 0xff, 0xc0, 0x00, 0x0c,
    0xff, 0xff, 0x10, 0x00, 0x00, 0x9f, 0xff, 0xfe,
    0x10, 0x00, 0x0c, 0xff, 0xff, 0x10, 0x00, 0x05,
    0xff, 0xff, 0xfa, 0x55, 0x55, 0x5d, 0xff, 0xff,
    0x65, 0x54, 0x0f, 0xff, 0xff, 0xff, 0xff, 0xff,
    0xff, 0xff, 0xff, 0xff, 0xfc, 0x0f, 0xff, 0xff,
    0xff, 0xff, 0xff, 0xff, 0xff, 0xff, 0xff, 0xfc,
    0x0f, 0xff, 0xff, 0xff, 0xff, 0xff, 0xff, 0xff,
    0xff, 0xff, 0xfc, 0x0f, 0xff, 0xff, 0xff, 0xff,
    0xff, 0xff, 0xff, 0xff, 0xff, 0xfc, 0x00, 0x00,
    0x00, 0x00, 0x00, 0x00, 0x0f, 0xff, 0xff, 0x10,
    0x00, 0x00, 0x00, 0x00, 0x00, 0x00, 0x00, 0x0f,
    0xff, 0xff, 0x10, 0x00, 0x00, 0x00, 0x00, 0x00,
    0x00, 0x00, 0x0f, 0xff, 0xff, 0x10, 0x00, 0x00,
    0x00, 0x00, 0x00, 0x00, 0x00, 0x0f, 0xff, 0xff,
    0x10, 0x00, 0x00, 0x00, 0x00, 0x00, 0x00, 0x00,
    0x0f, 0xff, 0xff, 0x10, 0x00,

    /* U+0035 "5" */
    0x00, 0x0e, 0xff, 0xff, 0xff, 0xff, 0xff, 0xff,
    0xc0, 0x00, 0x00, 0xff, 0xff, 0xff, 0xff, 0xff,
    0xff, 0xfc, 0x00, 0x00, 0x1f, 0xff, 0xff, 0xff,
    0xff, 0xff, 0xff, 0xc0, 0x00, 0x03, 0xff, 0xff,
    0xff, 0xff, 0xff, 0xff, 0xfc, 0x00, 0x00, 0x4f,
    0xff, 0xf9, 0x44, 0x44, 0x44, 0x44, 0x30, 0x00,
    0x06, 0xff, 0xff, 0x50, 0x00, 0x00, 0x00, 0x00,
    0x00, 0x00, 0x7f, 0xff, 0xf3, 0x00, 0x00, 0x00,
    0x00, 0x00, 0x00, 0x09, 0xff, 0xff, 0x20, 0x00,
    0x00, 0x00, 0x00, 0x00, 0x00, 0xaf, 0xff, 0xff,
    0xff, 0xec, 0x95, 0x00, 0x00, 0x00, 0x0c, 0xff,
    0xff, 0xff, 0xff, 0xff, 0xfe, 0x50, 0x00, 0x00,
    0xdf, 0xff, 0xff, 0xff, 0xff, 0xff, 0xff, 0x60,
    0x00, 0x0f, 0xff, 0xff, 0xff, 0xff, 0xff, 0xff,
    0xff, 0x20, 0x00, 0x45, 0x55, 0x55, 0x56, 0xaf,
    0xff, 0xff, 0xf9, 0x00, 0x00, 0x00, 0x00, 0x00,
    0x00, 0x1c, 0xff, 0xff, 0xf0, 0x00, 0x00, 0x00,
    0x00, 0x00, 0x00, 0x3f, 0xff, 0xff, 0x10, 0x00,
    0x00, 0x00, 0x00, 0x00, 0x01, 0xff, 0xff, 0xf2,
    0x00, 0x50, 0x00, 0x00, 0x00, 0x00, 0x4f, 0xff,
    0xff, 0x00, 0x3f, 0xd6, 0x00, 0x00, 0x00, 0x2d,
    0xff, 0xff, 0xc0, 0x0a, 0xff, 0xff, 0xb9, 0x89,
    0xbf, 0xff, 0xff, 0xf6, 0x02, 0xff, 0xff, 0xff,
    0xff, 0xff, 0xff, 0xff, 0xfd, 0x00, 0x6f, 0xff,
    0xff, 0xff, 0xff, 0xff, 0xff, 0xfe, 0x20, 0x00,
    0x3b, 0xff, 0xff, 0xff, 0xff, 0xff, 0xfb, 0x10,
    0x00, 0x00, 0x01, 0x6a, 0xde, 0xff, 0xec, 0x83,
    0x00, 0x00, 0x00,

    /* U+0036 "6" */
    0x00, 0x00, 0x00, 0x05, 0xad, 0xef, 0xfd, 0xb7,
    0x20, 0x00, 0x00, 0x00, 0x7e, 0xff, 0xff, 0xff,
    0xff, 0xff, 0x80, 0x00, 0x01, 0xcf, 0xff, 0xff,
    0xff, 0xff, 0xff, 0xf6, 0x00, 0x00, 0xdf, 0xff,
    0xff, 0xff, 0xff, 0xff, 0xfe, 0x00, 0x00, 0xaf,
    0xff, 0xff, 0xfa, 0x76, 0x68, 0xbf, 0x60, 0x00,
    0x4f, 0xff, 0xff, 0xa1, 0x00, 0x00, 0x00, 0x10,
    0x00, 0x0c, 0xff, 0xff, 0xa0, 0x00, 0x00, 0x00,
    0x00, 0x00, 0x01, 0xff, 0xff, 0xf1, 0x00, 0x00,
    0x00, 0x00, 0x00, 0x00, 0x6f, 0xff, 0xfb, 0x04,
    0xad, 0xfe, 0xd9, 0x30, 0x00, 0x08, 0xff, 0xff,
    0xab, 0xff, 0xff, 0xff, 0xff, 0xb1, 0x00, 0xaf,
    0xff, 0xff, 0xff, 0xff, 0xff, 0xff, 0xff, 0xd1,
    0x0b, 0xff, 0xff, 0xff, 0xff, 0xff, 0xff, 0xff,
    0xff, 0xb0, 0xbf, 0xff, 0xff, 0xfc, 0x31, 0x14,
    0xdf, 0xff, 0xff, 0x3a, 0xff, 0xff, 0xfb, 0x00,
    0x00, 0x00, 0xdf, 0xff, 0xf8, 0x9f, 0xff, 0xff,
    0x30, 0x00, 0x00, 0x06, 0xff, 0xff, 0xb5, 0xff,
    0xff, 0xf1, 0x00, 0x00, 0x00, 0x4f, 0xff, 0xfb,
    0x2f, 0xff, 0xff, 0x30, 0x00, 0x00, 0x06, 0xff,
    0xff, 0xa0, 0xbf, 0xff, 0xfa, 0x00, 0x00, 0x00,
    0xdf, 0xff, 0xf7, 0x04, 0xff, 0xff, 0xfb, 0x30,
    0x14, 0xdf, 0xff, 0xff, 0x10, 0x09, 0xff, 0xff,
    0xff, 0xff, 0xff, 0xff, 0xff, 0x70, 0x00, 0x0a,
    0xff, 0xff, 0xff, 0xff, 0xff, 0xff, 0xa0, 0x00,
    0x00, 0x07, 0xef, 0xff, 0xff, 0xff, 0xff, 0x60,
    0x00, 0x00, 0x00, 0x00, 0x6a, 0xdf, 0xfd, 0xb6,
    0x10, 0x00, 0x00,

    /* U+0037 "7" */
    0x2f, 0xff, 0xff, 0xff, 0xff, 0xff, 0xff, 0xff,
    0xff, 0xc2, 0xff, 0xff, 0xff, 0xff, 0xff, 0xff,
    0xff, 0xff, 0xfc, 0x2f, 0xff, 0xff, 0xff, 0xff,
    0xff, 0xff, 0xff, 0xff, 0xc2, 0xff, 0xff, 0xff,
    0xff, 0xff, 0xff, 0xff, 0xff, 0xfb, 0x2f, 0xff,
    0xfa, 0x55, 0x55, 0x55, 0x8f, 0xff, 0xff, 0x52,
    0xff, 0xff, 0x70, 0x00, 0x00, 0x0a, 0xff, 0xff,
    0xe0, 0x2f, 0xff, 0xf7, 0x00, 0x00, 0x01, 0xff,
    0xff, 0xf7, 0x02, 0xff, 0xff, 0x70, 0x00, 0x00,
    0x8f, 0xff, 0xff, 0x10, 0x01, 0x11, 0x10, 0x00,
    0x00, 0x0e, 0xff, 0xff, 0xa0, 0x00, 0x00, 0x00,
    0x00, 0x00, 0x05, 0xff, 0xff, 0xf3, 0x00, 0x00,
    0x00, 0x00, 0x00, 0x00, 0xcf, 0xff, 0xfc, 0x00,
    0x00, 0x00, 0x00, 0x00, 0x00, 0x3f, 0xff, 0xff,
    0x50, 0x00, 0x00, 0x00, 0x00, 0x00, 0x0a, 0xff,
    0xff, 0xe0, 0x00, 0x00, 0x00, 0x00, 0x00, 0x01,
    0xff, 0xff, 0xf8, 0x00, 0x00, 0x00, 0x00, 0x00,
    0x00, 0x8f, 0xff, 0xff, 0x10, 0x00, 0x00, 0x00,
    0x00, 0x00, 0x0e, 0xff, 0xff, 0xa0, 0x00, 0x00,
    0x00, 0x00, 0x00, 0x06, 0xff, 0xff, 0xf3, 0x00,
    0x00, 0x00, 0x00, 0x00, 0x00, 0xcf, 0xff, 0xfc,
    0x00, 0x00, 0x00, 0x00, 0x00, 0x00, 0x3f, 0xff,
    0xff, 0x60, 0x00, 0x00, 0x00, 0x00, 0x00, 0x0a,
    0xff, 0xff, 0xe0, 0x00, 0x00, 0x00, 0x00, 0x00,
    0x01, 0xff, 0xff, 0xf8, 0x00, 0x00, 0x00, 0x00,
    0x00, 0x00, 0x8f, 0xff, 0xff, 0x10, 0x00, 0x00,
    0x00, 0x00, 0x00, 0x0e, 0xff, 0xff, 0xa0, 0x00,
    0x00, 0x00, 0x00,

    /* U+0038 "8" */
    0x00, 0x00, 0x05, 0xad, 0xef, 0xed, 0xa6, 0x10,
    0x00, 0x00, 0x00, 0x6e, 0xff, 0xff, 0xff, 0xff,
    0xfe, 0x70, 0x00, 0x00, 0x8f, 0xff, 0xff, 0xff,
    0xff, 0xff, 0xff, 0xa0, 0x00, 0x5f, 0xff, 0xff,
    0xff, 0xff, 0xff, 0xff, 0xff, 0x70, 0x0c, 0xff,
    0xff, 0xf6, 0x10, 0x05, 0xef, 0xff, 0xfe, 0x00,
    0xff, 0xff, 0xf5, 0x00, 0x00, 0x03, 0xff, 0xff,
    0xf2, 0x0f, 0xff, 0xff, 0x20, 0x00, 0x00, 0x0f,
    0xff, 0xff, 0x20, 0xef, 0xff, 0xf6, 0x00, 0x00,
    0x04, 0xff, 0xff, 0xf0, 0x08, 0xff, 0xff, 0xf7,
    0x10, 0x16, 0xef, 0xff, 0xfa, 0x00, 0x0c, 0xff,
    0xff, 0xff, 0xff, 0xff, 0xff, 0xfe, 0x10, 0x00,
    0x0c, 0xff, 0xff, 0xff, 0xff, 0xff, 0xfd, 0x10,
    0x00, 0x0a, 0xff, 0xff, 0xff, 0xff, 0xff, 0xff,
    0xfb, 0x10, 0x0a, 0xff, 0xff, 0xff, 0xcb, 0xcf,
    0xff, 0xff, 0xfb, 0x04, 0xff, 0xff, 0xf9, 0x10,
    0x00, 0x07, 0xff, 0xff, 0xf6, 0xaf, 0xff, 0xfb,
    0x00, 0x00, 0x00, 0x09, 0xff, 0xff, 0xcc, 0xff,
    0xff, 0x60, 0x00, 0x00, 0x00, 0x4f, 0xff, 0xfe,
    0xdf, 0xff, 0xf7, 0x00, 0x00, 0x00, 0x05, 0xff,
    0xff, 0xfb, 0xff, 0xff, 0xd0, 0x00, 0x00, 0x00,
    0xbf, 0xff, 0xfd, 0x6f, 0xff, 0xff, 0xc4, 0x00,
    0x04, 0xcf, 0xff, 0xff, 0x80, 0xdf, 0xff, 0xff,
    0xff, 0xff, 0xff, 0xff, 0xff, 0xe0, 0x01, 0xdf,
    0xff, 0xff, 0xff, 0xff, 0xff, 0xff, 0xe2, 0x00,
    0x01, 0x8f, 0xff, 0xff, 0xff, 0xff, 0xff, 0x91,
    0x00, 0x00, 0x00, 0x16, 0xad, 0xef, 0xed, 0xb6,
    0x10, 0x00, 0x00,

    /* U+0039 "9" */
    0x00, 0x00, 0x05, 0xad, 0xef, 0xec, 0x82, 0x00,
    0x00, 0x00, 0x00, 0x04, 0xdf, 0xff, 0xff, 0xff,
    0xff, 0xa1, 0x00, 0x00, 0x00, 0x6f, 0xff, 0xff,
    0xff, 0xff, 0xff, 0xfe, 0x20, 0x00, 0x04, 0xff,
    0xff, 0xff, 0xff, 0xff, 0xff, 0xff, 0xe1, 0x00,
    0x0d, 0xff, 0xff, 0xe6, 0x20, 0x26, 0xef, 0xff,
    0xfa, 0x00, 0x2f, 0xff, 0xff, 0x20, 0x00, 0x00,
    0x2f, 0xff, 0xff, 0x20, 0x4f, 0xff, 0xfc, 0x00,
    0x00, 0x00, 0x0b, 0xff, 0xff, 0x80, 0x5f, 0xff,
    0xfc, 0x00, 0x00, 0x00, 0x0b, 0xff, 0xff, 0xb0,
    0x3f, 0xff, 0xff, 0x20, 0x00, 0x00, 0x2f, 0xff,
    0xff, 0xf0, 0x0f, 0xff, 0xff, 0xe6, 0x10, 0x16,
    0xef, 0xff, 0xff, 0xf0, 0x08, 0xff, 0xff, 0xff,
    0xff, 0xff, 0xff, 0xff, 0xff, 0xf1, 0x00, 0xbf,
    0xff, 0xff, 0xff, 0xff, 0xff, 0xff, 0xff, 0xf1,
    0x00, 0x08, 0xff, 0xff, 0xff, 0xff, 0xe6, 0xff,
    0xff, 0xf1, 0x00, 0x00, 0x28, 0xce, 0xfe, 0xc7,
    0x04, 0xff, 0xff, 0xf0, 0x00, 0x00, 0x00, 0x00,
    0x00, 0x00, 0x08, 0xff, 0xff, 0xc0, 0x00, 0x00,
    0x00, 0x00, 0x00, 0x00, 0x0e, 0xff, 0xff, 0x80,
    0x00, 0x00, 0x00, 0x00, 0x00, 0x00, 0x8f, 0xff,
    0xff, 0x20, 0x00, 0x04, 0x00, 0x00, 0x00, 0x09,
    0xff, 0xff, 0xfb, 0x00, 0x00, 0x1f, 0xe9, 0x75,
    0x69, 0xef, 0xff, 0xff, 0xf2, 0x00, 0x00, 0x8f,
    0xff, 0xff, 0xff, 0xff, 0xff, 0xff, 0x40, 0x00,
    0x01, 0xff, 0xff, 0xff, 0xff, 0xff, 0xff, 0xf5,
    0x00, 0x00, 0x03, 0xef, 0xff, 0xff, 0xff, 0xff,
    0xfa, 0x20, 0x00, 0x00, 0x00, 0x05, 0xad, 0xef,
    0xfe, 0xb7, 0x20, 0x00, 0x00, 0x00,

    /* U+003A ":" */
    0x07, 0xde, 0xa1, 0x06, 0xff, 0xff, 0xc0, 0xcf,
    0xff, 0xff, 0x2d, 0xff, 0xff, 0xf3, 0x9f, 0xff,
    0xfe, 0x01, 0xcf, 0xff, 0x50, 0x00, 0x45, 0x10,
    0x00, 0x00, 0x00, 0x00, 0x00, 0x00, 0x00, 0x00,
    0x00, 0x00, 0x00, 0x00, 0x00, 0x00, 0x00, 0x04,
    0x51, 0x00, 0x1d, 0xff, 0xf5, 0x0a, 0xff, 0xff,
    0xf1, 0xdf, 0xff, 0xff, 0x3c, 0xff, 0xff, 0xf2,
    0x6f, 0xff, 0xfc, 0x00, 0x6d, 0xea, 0x10,

    /* U+003B ";" */
    0x07, 0xde, 0xa1, 0x06, 0xff, 0xff, 0xc0, 0xcf,
    0xff, 0xff, 0x2d, 0xff, 0xff, 0xf3, 0x9f, 0xff,
    0xfe, 0x01, 0xcf, 0xff, 0x50, 0x00, 0x45, 0x10,
    0x00, 0x00, 0x00, 0x00, 0x00, 0x00, 0x00, 0x00,
    0x00, 0x00, 0x00, 0x00, 0x00, 0x00, 0x00, 0x01,
    0x20, 0x00, 0x0a, 0xff, 0xe3, 0x08, 0xff, 0xff,
    0xe0, 0xcf, 0xff, 0xff, 0x3c, 0xff, 0xff, 0xf3,
    0x7f, 0xff, 0xff, 0x00, 0x9f, 0xff, 0xb0, 0x06,
    0xff, 0xf5, 0x00, 0xaf, 0xfe, 0x00, 0x0e, 0xff,
    0x90, 0x02, 0xff, 0xf2, 0x00, 0x6f, 0xfc, 0x00,
    0x00,

    /* U+003C "<" */
    0x00, 0x00, 0x00, 0x00, 0x00, 0x00, 0x00, 0x05,
    0x20, 0x00, 0x00, 0x00, 0x00, 0x00, 0x03, 0x9f,
    0xf3, 0x00, 0x00, 0x00, 0x00, 0x00, 0x6c, 0xff,
    0xff, 0x30, 0x00, 0x00, 0x00, 0x3a, 0xff, 0xff,
    0xff, 0xf3, 0x00, 0x00, 0x17, 0xdf, 0xff, 0xff,
    0xff, 0xfb, 0x10, 0x04, 0xaf, 0xff, 0xff, 0xff,
    0xfd, 0x71, 0x00, 0x0e, 0xff, 0xff, 0xff, 0xfe,
    0x93, 0x00, 0x00, 0x00, 0xff, 0xff, 0xff, 0xb5,
    0x00, 0x00, 0x00, 0x00, 0x0f, 0xff, 0xfe, 0x40,
    0x00, 0x00, 0x00, 0x00, 0x00, 0xff, 0xff, 0xff,
    0xd7, 0x10, 0x00, 0x00, 0x00, 0x0c, 0xff, 0xff,
    0xff, 0xff, 0xb5, 0x00, 0x00, 0x00, 0x03, 0x9f,
    0xff, 0xff, 0xff, 0xfe, 0x93, 0x00, 0x00, 0x00,
    0x06, 0xcf, 0xff, 0xff, 0xff, 0xfd, 0x20, 0x00,
    0x00, 0x00, 0x28, 0xef, 0xff, 0xff, 0xf3, 0x00,
    0x00, 0x00, 0x00, 0x00, 0x5b, 0xff, 0xff, 0x30,
    0x00, 0x00, 0x00, 0x00, 0x00, 0x02, 0x8e, 0xf3,
    0x00, 0x00, 0x00, 0x00, 0x00, 0x00, 0x00, 0x04,
    0x10,

    /* U+003D "=" */
    0x0f, 0xff, 0xff, 0xff, 0xff, 0xff, 0xff, 0xff,
    0x30, 0xff, 0xff, 0xff, 0xff, 0xff, 0xff, 0xff,
    0xf3, 0x0f, 0xff, 0xff, 0xff, 0xff, 0xff, 0xff,
    0xff, 0x30, 0xff, 0xff, 0xff, 0xff, 0xff, 0xff,
    0xff, 0xf3, 0x00, 0x00, 0x00, 0x00, 0x00, 0x00,
    0x00, 0x00, 0x00, 0x00, 0x00, 0x00, 0x00, 0x00,
    0x00, 0x00, 0x00, 0x00, 0x00, 0x00, 0x00, 0x00,
    0x00, 0x00, 0x00, 0x00, 0x00, 0x00, 0x00, 0x00,
    0x00, 0x00, 0x00, 0x00, 0x0f, 0xff, 0xff, 0xff,
    0xff, 0xff, 0xff, 0xff, 0x30, 0xff, 0xff, 0xff,
    0xff, 0xff, 0xff, 0xff, 0xf3, 0x0f, 0xff, 0xff,
    0xff, 0xff, 0xff, 0xff, 0xff, 0x30, 0xff, 0xff,
    0xff, 0xff, 0xff, 0xff, 0xff, 0xf3, 0x00, 0x00,
    0x00, 0x00, 0x00, 0x00, 0x00, 0x00, 0x00,

    /* U+003E ">" */
    0x07, 0x10, 0x00, 0x00, 0x00, 0x00, 0x00, 0x00,
    0x00, 0xff, 0xa4, 0x00, 0x00, 0x00, 0x00, 0x00,
    0x00, 0x0f, 0xff, 0xfe, 0x71, 0x00, 0x00, 0x00,
    0x00, 0x00, 0xff, 0xff, 0xff, 0xfb, 0x50, 0x00,
    0x00, 0x00, 0x0a, 0xff, 0xff, 0xff, 0xff, 0xe8,
    0x20, 0x00, 0x00, 0x00, 0x6c, 0xff, 0xff, 0xff,
    0xff, 0xc5, 0x00, 0x00, 0x00, 0x02, 0x8e, 0xff,
    0xff, 0xff, 0xfe, 0x20, 0x00, 0x00, 0x00, 0x04,
    0xaf, 0xff, 0xff, 0xf3, 0x00, 0x00, 0x00, 0x00,
    0x00, 0x2d, 0xff, 0xff, 0x30, 0x00, 0x00, 0x00,
    0x05, 0xbf, 0xff, 0xff, 0xf3, 0x00, 0x00, 0x03,
    0x9f, 0xff, 0xff, 0xff, 0xfe, 0x20, 0x01, 0x7d,
    0xff, 0xff, 0xff, 0xff, 0xa4, 0x00, 0x0b, 0xff,
    0xff, 0xff, 0xff, 0xd7, 0x10, 0x00, 0x00, 0xff,
    0xff, 0xff, 0xfa, 0x30, 0x00, 0x00, 0x00, 0x0f,
    0xff, 0xfc, 0x61, 0x00, 0x00, 0x00, 0x00, 0x00,
    0xff, 0x93, 0x00, 0x00, 0x00, 0x00, 0x00, 0x00,
    0x06, 0x00, 0x00, 0x00, 0x00, 0x00, 0x00, 0x00,
    0x00,

    /* U+003F "?" */
    0x00, 0x00, 0x03, 0x8c, 0xef, 0xfe, 0xc8, 0x30,
    0x00, 0x00, 0x00, 0x1b, 0xff, 0xff, 0xff, 0xff,
    0xff, 0xa1, 0x00, 0x00, 0x5f, 0xff, 0xff, 0xff,
    0xff, 0xff, 0xff, 0xd1, 0x00, 0x4f, 0xff, 0xff,
    0xff, 0xff, 0xff, 0xff, 0xff, 0x90, 0x0a, 0xff,
    0xff, 0xfa, 0x65, 0x7c, 0xff, 0xff, 0xff, 0x00,
    0x04, 0xdf, 0xd2, 0x00, 0x00, 0x09, 0xff, 0xff,
    0xf2, 0x00, 0x00, 0x61, 0x00, 0x00, 0x00, 0x2f,
    0xff, 0xff, 0x10, 0x00, 0x00, 0x00, 0x00, 0x00,
    0x03, 0xff, 0xff, 0xe0, 0x00, 0x00, 0x00, 0x00,
    0x00, 0x00, 0xcf, 0xff, 0xf8, 0x00, 0x00, 0x00,
    0x00, 0x00, 0x00, 0xbf, 0xff, 0xfd, 0x00, 0x00,
    0x00, 0x00, 0x00, 0x01, 0xcf, 0xff, 0xfd, 0x10,
    0x00, 0x00, 0x00, 0x00, 0x00, 0xbf, 0xff, 0xfc,
    0x10, 0x00, 0x00, 0x00, 0x00, 0x00, 0x7f, 0xff,
    0xfc, 0x10, 0x00, 0x00, 0x00, 0x00, 0x00, 0x0d,
    0xff, 0xff, 0x20, 0x00, 0x00, 0x00, 0x00, 0x00,
    0x00, 0xdd, 0xdd, 0xb0, 0x00, 0x00, 0x00, 0x00,
    0x00, 0x00, 0x00, 0x00, 0x00, 0x00, 0x00, 0x00,
    0x00, 0x00, 0x00, 0x00, 0x00, 0x00, 0x00, 0x00,
    0x00, 0x00, 0x00, 0x00, 0x00, 0x04, 0xce, 0xb2,
    0x00, 0x00, 0x00, 0x00, 0x00, 0x00, 0x03, 0xff,
    0xff, 0xe1, 0x00, 0x00, 0x00, 0x00, 0x00, 0x00,
    0x9f, 0xff, 0xff, 0x50, 0x00, 0x00, 0x00, 0x00,
    0x00, 0x09, 0xff, 0xff, 0xf5, 0x00, 0x00, 0x00,
    0x00, 0x00, 0x00, 0x3f, 0xff, 0xfe, 0x10, 0x00,
    0x00, 0x00, 0x00, 0x00, 0x00, 0x5d, 0xfc, 0x20,
    0x00, 0x00, 0x00,

    /* U+0040 "@" */
    0x00, 0x00, 0x00, 0x00, 0x00, 0x48, 0xbd, 0xff,
    0xfe, 0xc9, 0x61, 0x00, 0x00, 0x00, 0x00, 0x00,
    0x00, 0x00, 0x00, 0x07, 0xef, 0xff, 0xff, 0xff,
    0xff, 0xff, 0xfa, 0x20, 0x00, 0x00, 0x00, 0x00,
    0x00, 0x00, 0x6f, 0xff, 0xff, 0xff, 0xff, 0xff,
    0xff, 0xff, 0xff, 0xa0, 0x00, 0x00, 0x00, 0x00,
    0x00, 0xaf, 0xff, 0xff, 0xc7, 0x43, 0x22, 0x36,
    0x9e, 0xff, 0xff, 0xd2, 0x00, 0x00, 0x00, 0x00,
    0xcf, 0xff, 0xfa, 0x20, 0x00, 0x00, 0x00, 0x00,
    0x05, 0xdf, 0xff, 0xf2, 0x00, 0x00, 0x00, 0xaf,
    0xff, 0xe4, 0x00, 0x00, 0x00, 0x00, 0x00, 0x00,
    0x00, 0x8f, 0xff, 0xe1, 0x00, 0x00, 0x7f, 0xff,
    0xe1, 0x00, 0x05, 0xbe, 0xfe, 0xb4, 0x09, 0xff,
    0xfb, 0x5f, 0xff, 0xb0, 0x00, 0x1e, 0xff, 0xf2,
    0x00, 0x1c, 0xff, 0xff, 0xff, 0xfa, 0xaf, 0xff,
    0xb0, 0x7f, 0xff, 0x40, 0x08, 0xff, 0xf6, 0x00,
    0x0d, 0xff, 0xff, 0xff, 0xff, 0xff, 0xff, 0xfb,
    0x00, 0xcf, 0xfc, 0x00, 0xef, 0xfd, 0x00, 0x09,
    0xff, 0xff, 0xff, 0xdf, 0xff, 0xff, 0xff, 0xb0,
    0x04, 0xff, 0xf2, 0x3f, 0xff, 0x70, 0x02, 0xff,
    0xff, 0xf5, 0x00, 0x06, 0xff, 0xff, 0xfb, 0x00,
    0x0e, 0xff, 0x77, 0xff, 0xf2, 0x00, 0x7f, 0xff,
    0xf5, 0x00, 0x00, 0x06, 0xff, 0xff, 0xb0, 0x00,
    0xaf, 0xfa, 0x9f, 0xff, 0x00, 0x0b, 0xff, 0xfd,
    0x00, 0x00, 0x00, 0x0e, 0xff, 0xfb, 0x00, 0x07,
    0xff, 0xcb, 0xff, 0xe0, 0x00, 0xdf, 0xff, 0x90,
    0x00, 0x00, 0x00, 0xaf, 0xff, 0xb0, 0x00, 0x6f,
    0xfd, 0xbf, 0xfd, 0x00, 0x0e, 0xff, 0xf8, 0x00,
    0x00, 0x00, 0x09, 0xff, 0xfb, 0x00, 0x06, 0xff,
    0xdb, 0xff, 0xe0, 0x00, 0xdf, 0xff, 0x80, 0x00,
    0x00, 0x00, 0x9f, 0xff, 0xb0, 0x00, 0x6f, 0xfc,
    0x9f, 0xff, 0x00, 0x0b, 0xff, 0xfc, 0x00, 0x00,
    0x00, 0x0d, 0xff, 0xfb, 0x00, 0x08, 0xff, 0xa7,
    0xff, 0xf3, 0x00, 0x7f, 0xff, 0xf3, 0x00, 0x00,
    0x04, 0xff, 0xff, 0xc0, 0x00, 0xcf, 0xf7, 0x3f,
    0xff, 0x70, 0x01, 0xff, 0xff, 0xe2, 0x00, 0x03,
    0xef, 0xff, 0xff, 0x00, 0x4f, 0xff, 0x20, 0xef,
    0xfd, 0x00, 0x08, 0xff, 0xff, 0xfc, 0xac, 0xff,
    0xff, 0xff, 0xfd, 0xaf, 0xff, 0xb0, 0x08, 0xff,
    0xf6, 0x00, 0x0c, 0xff, 0xff, 0xff, 0xff, 0xfa,
    0xdf, 0xff, 0xff, 0xff, 0xf2, 0x00, 0x0e, 0xff,
    0xf2, 0x00, 0x0b, 0xff, 0xff, 0xff, 0xfb, 0x04,
    0xff, 0xff, 0xff, 0xf4, 0x00, 0x00, 0x6f, 0xff,
    0xd1, 0x00, 0x05, 0xbe, 0xfe, 0xb5, 0x00, 0x03,
    0xae, 0xfd, 0x91, 0x00, 0x00, 0x00, 0xaf, 0xff,
    0xe3, 0x00, 0x00, 0x00, 0x00, 0x00, 0x00, 0x00,
    0x00, 0x00, 0x00, 0x00, 0x00, 0x00, 0xcf, 0xff,
    0xf9, 0x20, 0x00, 0x00, 0x00, 0x00, 0x03, 0x00,
    0x00, 0x00, 0x00, 0x00, 0x00, 0x00, 0xaf, 0xff,
    0xff, 0xc8, 0x53, 0x23, 0x46, 0x9e, 0xf3, 0x00,
    0x00, 0x00, 0x00, 0x00, 0x00, 0x00, 0x6f, 0xff,
    0xff, 0xff, 0xff, 0xff, 0xff, 0xff, 0x90, 0x00,
    0x00, 0x00, 0x00, 0x00, 0x00, 0x00, 0x18, 0xef,
    0xff, 0xff, 0xff, 0xff, 0xff, 0xf8, 0x00, 0x00,
    0x00, 0x00, 0x00, 0x00, 0x00, 0x00, 0x00, 0x48,
    0xbe, 0xff, 0xfe, 0xc9, 0x50, 0x00, 0x00, 0x00,
    0x00, 0x00,

    /* U+0041 "A" */
    0x00, 0x00, 0x00, 0x00, 0x00, 0x8f, 0xff, 0xff,
    0x10, 0x00, 0x00, 0x00, 0x00, 0x00, 0x00, 0x00,
    0x00, 0x00, 0xef, 0xff, 0xff, 0x70, 0x00, 0x00,
    0x00, 0x00, 0x00, 0x00, 0x00, 0x00, 0x06, 0xff,
    0xff, 0xff, 0xe0, 0x00, 0x00, 0x00, 0x00, 0x00,
    0x00, 0x00, 0x00, 0x0d, 0xff, 0xff, 0xff, 0xf5,
    0x00, 0x00, 0x00, 0x00, 0x00, 0x00, 0x00, 0x00,
    0x4f, 0xff, 0xff, 0xff, 0xfc, 0x00, 0x00, 0x00,
    0x00, 0x00, 0x00, 0x00, 0x00, 0xaf, 0xff, 0xfc,
    0xff, 0xff, 0x30, 0x00, 0x00, 0x00, 0x00, 0x00,
    0x00, 0x02, 0xff, 0xff, 0xb4, 0xff, 0xff, 0xa0,
    0x00, 0x00, 0x00, 0x00, 0x00, 0x00, 0x08, 0xff,
    0xff, 0x40, 0xdf, 0xff, 0xf1, 0x00, 0x00, 0x00,
    0x00, 0x00, 0x00, 0x0f, 0xff, 0xfe, 0x00, 0x7f,
    0xff, 0xf8, 0x00, 0x00, 0x00, 0x00, 0x00, 0x00,
    0x6f, 0xff, 0xf7, 0x00, 0x1f, 0xff, 0xfe, 0x00,
    0x00, 0x00, 0x00, 0x00, 0x00, 0xdf, 0xff, 0xf1,
    0x00, 0x0a, 0xff, 0xff, 0x60, 0x00, 0x00, 0x00,
    0x00, 0x04, 0xff, 0xff, 0xa0, 0x00, 0x03, 0xff,
    0xff, 0xd0, 0x00, 0x00, 0x00, 0x00, 0x0b, 0xff,
    0xff, 0x40, 0x00, 0x00, 0xdf, 0xff, 0xf4, 0x00,
    0x00, 0x00, 0x00, 0x2f, 0xff, 0xfd, 0x00, 0x00,
    0x00, 0x6f, 0xff, 0xfb, 0x00, 0x00, 0x00, 0x00,
    0x9f, 0xff, 0xff, 0xff, 0xff, 0xff, 0xff, 0xff,
    0xff, 0x20, 0x00, 0x00, 0x01, 0xff, 0xff, 0xff,
    0xff, 0xff, 0xff, 0xff, 0xff, 0xff, 0x80, 0x00,
    0x00, 0x07, 0xff, 0xff, 0xff, 0xff, 0xff, 0xff,
    0xff, 0xff, 0xff, 0xf0, 0x00, 0x00, 0x0e, 0xff,
    0xff, 0xff, 0xff, 0xff, 0xff, 0xff, 0xff, 0xff,
    0xf6, 0x00, 0x00, 0x5f, 0xff, 0xfd, 0x00, 0x00,
    0x00, 0x00, 0x00, 0x6f, 0xff, 0xfd, 0x00, 0x00,
    0xcf, 0xff, 0xf6, 0x00, 0x00, 0x00, 0x00, 0x00,
    0x0f, 0xff, 0xff, 0x40, 0x03, 0xff, 0xff, 0xf1,
    0x00, 0x00, 0x00, 0x00, 0x00, 0x09, 0xff, 0xff,
    0xb0, 0x0a, 0xff, 0xff, 0xa0, 0x00, 0x00, 0x00,
    0x00, 0x00, 0x03, 0xff, 0xff, 0xf2, 0x1f, 0xff,
    0xff, 0x30, 0x00, 0x00, 0x00, 0x00, 0x00, 0x00,
    0xcf, 0xff, 0xf9,

    /* U+0042 "B" */
    0x5f, 0xff, 0xff, 0xff, 0xff, 0xff, 0xfe, 0xb8,
    0x20, 0x00, 0x00, 0x5f, 0xff, 0xff, 0xff, 0xff,
    0xff, 0xff, 0xff, 0xfa, 0x10, 0x00, 0x5f, 0xff,
    0xff, 0xff, 0xff, 0xff, 0xff, 0xff, 0xff, 0xd0,
    0x00, 0x5f, 0xff, 0xff, 0xff, 0xff, 0xff, 0xff,
    0xff, 0xff, 0xf8, 0x00, 0x5f, 0xff, 0xfd, 0x00,
    0x00, 0x01, 0x28, 0xff, 0xff, 0xfe, 0x00, 0x5f,
    0xff, 0xfd, 0x00, 0x00, 0x00, 0x00, 0x7f, 0xff,
    0xff, 0x00, 0x5f, 0xff, 0xfd, 0x00, 0x00, 0x00,
    0x00, 0x3f, 0xff, 0xff, 0x00, 0x5f, 0xff, 0xfd,
    0x00, 0x00, 0x00, 0x00, 0x6f, 0xff, 0xfc, 0x00,
    0x5f, 0xff, 0xfd, 0x00, 0x00, 0x00, 0x06, 0xff,
    0xff, 0xf6, 0x00, 0x5f, 0xff, 0xff, 0xee, 0xee,
    0xef, 0xff, 0xff, 0xff, 0xa0, 0x00, 0x5f, 0xff,
    0xff, 0xff, 0xff, 0xff, 0xff, 0xff, 0xf9, 0x00,
    0x00, 0x5f, 0xff, 0xff, 0xff, 0xff, 0xff, 0xff,
    0xff, 0xff, 0x90, 0x00, 0x5f, 0xff, 0xff, 0xff,
    0xff, 0xff, 0xff, 0xff, 0xff, 0xfb, 0x00, 0x5f,
    0xff, 0xfd, 0x00, 0x00, 0x00, 0x02, 0x8f, 0xff,
    0xff, 0x70, 0x5f, 0xff, 0xfd, 0x00, 0x00, 0x00,
    0x00, 0x06, 0xff, 0xff, 0xe0, 0x5f, 0xff, 0xfd,
    0x00, 0x00, 0x00, 0x00, 0x01, 0xff, 0xff, 0xf1,
    0x5f, 0xff, 0xfd, 0x00, 0x00, 0x00, 0x00, 0x01,
    0xff, 0xff, 0xf2, 0x5f, 0xff, 0xfd, 0x00, 0x00,
    0x00, 0x00, 0x06, 0xff, 0xff, 0xf1, 0x5f, 0xff,
    0xfd, 0x00, 0x00, 0x00, 0x13, 0x8f, 0xff, 0xff,
    0xe0, 0x5f, 0xff, 0xff, 0xff, 0xff, 0xff, 0xff,
    0xff, 0xff, 0xff, 0x70, 0x5f, 0xff, 0xff, 0xff,
    0xff, 0xff, 0xff, 0xff, 0xff, 0xfb, 0x00, 0x5f,
    0xff, 0xff, 0xff, 0xff, 0xff, 0xff, 0xff, 0xff,
    0x80, 0x00, 0x5f, 0xff, 0xff, 0xff, 0xff, 0xff,
    0xff, 0xda, 0x71, 0x00, 0x00,

    /* U+0043 "C" */
    0x00, 0x00, 0x00, 0x01, 0x6a, 0xde, 0xff, 0xda,
    0x50, 0x00, 0x00, 0x00, 0x00, 0x01, 0x9f, 0xff,
    0xff, 0xff, 0xff, 0xff, 0x70, 0x00, 0x00, 0x00,
    0x5f, 0xff, 0xff, 0xff, 0xff, 0xff, 0xff, 0xfd,
    0x20, 0x00, 0x07, 0xff, 0xff, 0xff, 0xff, 0xff,
    0xff, 0xff, 0xff, 0xe2, 0x00, 0x5f, 0xff, 0xff,
    0xff, 0xdb, 0x9a, 0xcf, 0xff, 0xff, 0xe3, 0x01,
    0xff, 0xff, 0xff, 0xc3, 0x00, 0x00, 0x02, 0xaf,
    0xfe, 0x20, 0x09, 0xff, 0xff, 0xf8, 0x00, 0x00,
    0x00, 0x00, 0x06, 0xd1, 0x00, 0x0f, 0xff, 0xff,
    0xb0, 0x00, 0x00, 0x00, 0x00, 0x00, 0x00, 0x00,
    0x5f, 0xff, 0xff, 0x20, 0x00, 0x00, 0x00, 0x00,
    0x00, 0x00, 0x00, 0x8f, 0xff, 0xfc, 0x00, 0x00,
    0x00, 0x00, 0x00, 0x00, 0x00, 0x00, 0xaf, 0xff,
    0xf9, 0x00, 0x00, 0x00, 0x00, 0x00, 0x00, 0x00,
    0x00, 0xbf, 0xff, 0xf8, 0x00, 0x00, 0x00, 0x00,
    0x00, 0x00, 0x00, 0x00, 0xaf, 0xff, 0xf9, 0x00,
    0x00, 0x00, 0x00, 0x00, 0x00, 0x00, 0x00, 0x8f,
    0xff, 0xfc, 0x00, 0x00, 0x00, 0x00, 0x00, 0x00,
    0x00, 0x00, 0x5f, 0xff, 0xff, 0x20, 0x00, 0x00,
    0x00, 0x00, 0x00, 0x00, 0x00, 0x0f, 0xff, 0xff,
    0xb0, 0x00, 0x00, 0x00, 0x00, 0x00, 0x00, 0x00,
    0x0a, 0xff, 0xff, 0xf8, 0x00, 0x00, 0x00, 0x00,
    0x06, 0xd2, 0x00, 0x01, 0xff, 0xff, 0xff, 0xb3,
    0x00, 0x00, 0x02, 0xaf, 0xfe, 0x30, 0x00, 0x6f,
    0xff, 0xff, 0xff, 0xda, 0x9a, 0xcf, 0xff, 0xff,
    0xf3, 0x00, 0x08, 0xff, 0xff, 0xff, 0xff, 0xff,
    0xff, 0xff, 0xff, 0xe1, 0x00, 0x00, 0x5f, 0xff,
    0xff, 0xff, 0xff, 0xff, 0xff, 0xfd, 0x10, 0x00,
    0x00, 0x02, 0x9f, 0xff, 0xff, 0xff, 0xff, 0xff,
    0x70, 0x00, 0x00, 0x00, 0x00, 0x01, 0x6a, 0xde,
    0xff, 0xda, 0x60, 0x00, 0x00,

    /* U+0044 "D" */
    0x5f, 0xff, 0xff, 0xff, 0xff, 0xff, 0xec, 0x94,
    0x00, 0x00, 0x00, 0x00, 0x5f, 0xff, 0xff, 0xff,
    0xff, 0xff, 0xff, 0xff, 0xe6, 0x00, 0x00, 0x00,
    0x5f, 0xff, 0xff, 0xff, 0xff, 0xff, 0xff, 0xff,
    0xff, 0xc2, 0x00, 0x00, 0x5f, 0xff, 0xff, 0xff,
    0xff, 0xff, 0xff, 0xff, 0xff, 0xfe, 0x20, 0x00,
    0x5f, 0xff, 0xfe, 0x66, 0x66, 0x67, 0x9e, 0xff,
    0xff, 0xff, 0xe1, 0x00, 0x5f, 0xff, 0xfd, 0x00,
    0x00, 0x00, 0x00, 0x5e, 0xff, 0xff, 0xf9, 0x00,
    0x5f, 0xff, 0xfd, 0x00, 0x00, 0x00, 0x00, 0x01,
    0xdf, 0xff, 0xff, 0x20, 0x5f, 0xff, 0xfd, 0x00,
    0x00, 0x00, 0x00, 0x00, 0x2f, 0xff, 0xff, 0x80,
    0x5f, 0xff, 0xfd, 0x00, 0x00, 0x00, 0x00, 0x00,
    0x0a, 0xff, 0xff, 0xd0, 0x5f, 0xff, 0xfd, 0x00,
    0x00, 0x00, 0x00, 0x00, 0x05, 0xff, 0xff, 0xf0,
    0x5f, 0xff, 0xfd, 0x00, 0x00, 0x00, 0x00, 0x00,
    0x02, 0xff, 0xff, 0xf2, 0x5f, 0xff, 0xfd, 0x00,
    0x00, 0x00, 0x00, 0x00, 0x01, 0xff, 0xff, 0xf2,
    0x5f, 0xff, 0xfd, 0x00, 0x00, 0x00, 0x00, 0x00,
    0x02, 0xff, 0xff, 0xf2, 0x5f, 0xff, 0xfd, 0x00,
    0x00, 0x00, 0x00, 0x00, 0x05, 0xff, 0xff, 0xf0,
    0x5f, 0xff, 0xfd, 0x00, 0x00, 0x00, 0x00, 0x00,
    0x0a, 0xff, 0xff, 0xd0, 0x5f, 0xff, 0xfd, 0x00,
    0x00, 0x00, 0x00, 0x00, 0x2f, 0xff, 0xff, 0x80,
    0x5f, 0xff, 0xfd, 0x00, 0x00, 0x00, 0x00, 0x01,
    0xdf, 0xff, 0xff, 0x20, 0x5f, 0xff, 0xfd, 0x00,
    0x00, 0x00, 0x00, 0x5e, 0xff, 0xff, 0xf9, 0x00,
    0x5f, 0xff, 0xfe, 0x66, 0x66, 0x67, 0x9e, 0xff,
    0xff, 0xff, 0xe1, 0x00, 0x5f, 0xff, 0xff, 0xff,
    0xff, 0xff, 0xff, 0xff, 0xff, 0xfe, 0x20, 0x00,
    0x5f, 0xff, 0xff, 0xff, 0xff, 0xff, 0xff, 0xff,
    0xff, 0xc2, 0x00, 0x00, 0x5f, 0xff, 0xff, 0xff,
    0xff, 0xff, 0xff, 0xff, 0xe6, 0x00, 0x00, 0x00,
    0x5f, 0xff, 0xff, 0xff, 0xff, 0xff, 0xec, 0x94,
    0x00, 0x00, 0x00, 0x00,

    /* U+0045 "E" */
    0x5f, 0xff, 0xff, 0xff, 0xff, 0xff, 0xff, 0xff,
    0xf9, 0x5f, 0xff, 0xff, 0xff, 0xff, 0xff, 0xff,
    0xff, 0xf9, 0x5f, 0xff, 0xff, 0xff, 0xff, 0xff,
    0xff, 0xff, 0xf9, 0x5f, 0xff, 0xff, 0xff, 0xff,
    0xff, 0xff, 0xff, 0xf9, 0x5f, 0xff, 0xfd, 0x44,
    0x44, 0x44, 0x44, 0x44, 0x42, 0x5f, 0xff, 0xfd,
    0x00, 0x00, 0x00, 0x00, 0x00, 0x00, 0x5f, 0xff,
    0xfd, 0x00, 0x00, 0x00, 0x00, 0x00, 0x00, 0x5f,
    0xff, 0xfd, 0x00, 0x00, 0x00, 0x00, 0x00, 0x00,
    0x5f, 0xff, 0xfd, 0x00, 0x00, 0x00, 0x00, 0x00,
    0x00, 0x5f, 0xff, 0xff, 0xff, 0xff, 0xff, 0xff,
    0xff, 0x30, 0x5f, 0xff, 0xff, 0xff, 0xff, 0xff,
    0xff, 0xff, 0x30, 0x5f, 0xff, 0xff, 0xff, 0xff,
    0xff, 0xff, 0xff, 0x30, 0x5f, 0xff, 0xff, 0xff,
    0xff, 0xff, 0xff, 0xff, 0x30, 0x5f, 0xff, 0xfd,
    0x22, 0x22, 0x22, 0x22, 0x22, 0x00, 0x5f, 0xff,
    0xfd, 0x00, 0x00, 0x00, 0x00, 0x00, 0x00, 0x5f,
    0xff, 0xfd, 0x00, 0x00, 0x00, 0x00, 0x00, 0x00,
    0x5f, 0xff, 0xfd, 0x00, 0x00, 0x00, 0x00, 0x00,
    0x00, 0x5f, 0xff, 0xfd, 0x00, 0x00, 0x00, 0x00,
    0x00, 0x00, 0x5f, 0xff, 0xfd, 0x44, 0x44, 0x44,
    0x44, 0x44, 0x44, 0x5f, 0xff, 0xff, 0xff, 0xff,
    0xff, 0xff, 0xff, 0xff, 0x5f, 0xff, 0xff, 0xff,
    0xff, 0xff, 0xff, 0xff, 0xff, 0x5f, 0xff, 0xff,
    0xff, 0xff, 0xff, 0xff, 0xff, 0xff, 0x5f, 0xff,
    0xff, 0xff, 0xff, 0xff, 0xff, 0xff, 0xff,

    /* U+0046 "F" */
    0x5f, 0xff, 0xff, 0xff, 0xff, 0xff, 0xff, 0xff,
    0xf9, 0x5f, 0xff, 0xff, 0xff, 0xff, 0xff, 0xff,
    0xff, 0xf9, 0x5f, 0xff, 0xff, 0xff, 0xff, 0xff,
    0xff, 0xff, 0xf9, 0x5f, 0xff, 0xff, 0xff, 0xff,
    0xff, 0xff, 0xff, 0xf9, 0x5f, 0xff, 0xfe, 0x44,
    0x44, 0x44, 0x44, 0x44, 0x42, 0x5f, 0xff, 0xfd,
    0x00, 0x00, 0x00, 0x00, 0x00, 0x00, 0x5f, 0xff,
    0xfd, 0x00, 0x00, 0x00, 0x00, 0x00, 0x00, 0x5f,
    0xff, 0xfd, 0x00, 0x00, 0x00, 0x00, 0x00, 0x00,
    0x5f, 0xff, 0xfd, 0x00, 0x00, 0x00, 0x00, 0x00,
    0x00, 0x5f, 0xff, 0xfd, 0x00, 0x00, 0x00, 0x00,
    0x00, 0x00, 0x5f, 0xff, 0xff, 0xff, 0xff, 0xff,
    0xff, 0xff, 0x30, 0x5f, 0xff, 0xff, 0xff, 0xff,
    0xff, 0xff, 0xff, 0x30, 0x5f, 0xff, 0xff, 0xff,
    0xff, 0xff, 0xff, 0xff, 0x30, 0x5f, 0xff, 0xff,
    0xff, 0xff, 0xff, 0xff, 0xff, 0x30, 0x5f, 0xff,
    0xfe, 0x44, 0x44, 0x44, 0x44, 0x44, 0x00, 0x5f,
    0xff, 0xfd, 0x00, 0x00, 0x00, 0x00, 0x00, 0x00,
    0x5f, 0xff, 0xfd, 0x00, 0x00, 0x00, 0x00, 0x00,
    0x00, 0x5f, 0xff, 0xfd, 0x00, 0x00, 0x00, 0x00,
    0x00, 0x00, 0x5f, 0xff, 0xfd, 0x00, 0x00, 0x00,
    0x00, 0x00, 0x00, 0x5f, 0xff, 0xfd, 0x00, 0x00,
    0x00, 0x00, 0x00, 0x00, 0x5f, 0xff, 0xfd, 0x00,
    0x00, 0x00, 0x00, 0x00, 0x00, 0x5f, 0xff, 0xfd,
    0x00, 0x00, 0x00, 0x00, 0x00, 0x00, 0x5f, 0xff,
    0xfd, 0x00, 0x00, 0x00, 0x00, 0x00, 0x00,

    /* U+0047 "G" */
    0x00, 0x00, 0x00, 0x01, 0x6a, 0xde, 0xff, 0xdb,
    0x71, 0x00, 0x00, 0x00, 0x00, 0x01, 0x9f, 0xff,
    0xff, 0xff, 0xff, 0xff, 0xa1, 0x00, 0x00, 0x00,
    0x5f, 0xff, 0xff, 0xff, 0xff, 0xff, 0xff, 0xff,
    0x50, 0x00, 0x07, 0xff, 0xff, 0xff, 0xff, 0xff,
    0xff, 0xff, 0xff, 0xf6, 0x00, 0x5f, 0xff, 0xff,
    0xff, 0xeb, 0x9a, 0xcf, 0xff, 0xff, 0xf6, 0x01,
    0xff, 0xff, 0xff, 0xc4, 0x00, 0x00, 0x00, 0x7f,
    0xff, 0x50, 0x09, 0xff, 0xff, 0xf9, 0x00, 0x00,
    0x00, 0x00, 0x02, 0xc3, 0x00, 0x0f, 0xff, 0xff,
    0xb0, 0x00, 0x00, 0x00, 0x00, 0x00, 0x00, 0x00,
    0x5f, 0xff, 0xff, 0x20, 0x00, 0x00, 0x00, 0x00,
    0x00, 0x00, 0x00, 0x8f, 0xff, 0xfc, 0x00, 0x00,
    0x00, 0x00, 0x00, 0x00, 0x00, 0x00, 0xaf, 0xff,
    0xf9, 0x00, 0x00, 0x00, 0x00, 0x00, 0x00, 0x00,
    0x00, 0xbf, 0xff, 0xf8, 0x00, 0x00, 0x00, 0x00,
    0x00, 0x2d, 0xdd, 0xd7, 0xaf, 0xff, 0xf9, 0x00,
    0x00, 0x00, 0x00, 0x00, 0x3f, 0xff, 0xf8, 0x8f,
    0xff, 0xfc, 0x00, 0x00, 0x00, 0x00, 0x00, 0x3f,
    0xff, 0xf8, 0x5f, 0xff, 0xff, 0x20, 0x00, 0x00,
    0x00, 0x00, 0x3f, 0xff, 0xf8, 0x0f, 0xff, 0xff,
    0xb0, 0x00, 0x00, 0x00, 0x00, 0x3f, 0xff, 0xf8,
    0x0a, 0xff, 0xff, 0xf9, 0x00, 0x00, 0x00, 0x00,
    0x3f, 0xff, 0xf8, 0x01, 0xff, 0xff, 0xff, 0xc3,
    0x00, 0x00, 0x00, 0x6f, 0xff, 0xf8, 0x00, 0x6f,
    0xff, 0xff, 0xff, 0xda, 0x99, 0xbe, 0xff, 0xff,
    0xf8, 0x00, 0x07, 0xff, 0xff, 0xff, 0xff, 0xff,
    0xff, 0xff, 0xff, 0xf8, 0x00, 0x00, 0x5f, 0xff,
    0xff, 0xff, 0xff, 0xff, 0xff, 0xff, 0xb1, 0x00,
    0x00, 0x01, 0x9f, 0xff, 0xff, 0xff, 0xff, 0xff,
    0xc5, 0x00, 0x00, 0x00, 0x00, 0x01, 0x6a, 0xde,
    0xfe, 0xda, 0x62, 0x00, 0x00,

    /* U+0048 "H" */
    0x5f, 0xff, 0xfd, 0x00, 0x00, 0x00, 0x00, 0x00,
    0xff, 0xff, 0xf3, 0x5f, 0xff, 0xfd, 0x00, 0x00,
    0x00, 0x00, 0x00, 0xff, 0xff, 0xf3, 0x5f, 0xff,
    0xfd, 0x00, 0x00, 0x00, 0x00, 0x00, 0xff, 0xff,
    0xf3, 0x5f, 0xff, 0xfd, 0x00, 0x00, 0x00, 0x00,
    0x00, 0xff, 0xff, 0xf3, 0x5f, 0xff, 0xfd, 0x00,
    0x00, 0x00, 0x00, 0x00, 0xff, 0xff, 0xf3, 0x5f,
    0xff, 0xfd, 0x00, 0x00, 0x00, 0x00, 0x00, 0xff,
    0xff, 0xf3, 0x5f, 0xff, 0xfd, 0x00, 0x00, 0x00,
    0x00, 0x00, 0xff, 0xff, 0xf3, 0x5f, 0xff, 0xfd,
    0x00, 0x00, 0x00, 0x00, 0x00, 0xff, 0xff, 0xf3,
    0x5f, 0xff, 0xfd, 0x00, 0x00, 0x00, 0x00, 0x00,
    0xff, 0xff, 0xf3, 0x5f, 0xff, 0xff, 0xff, 0xff,
    0xff, 0xff, 0xff, 0xff, 0xff, 0xf3, 0x5f, 0xff,
    0xff, 0xff, 0xff, 0xff, 0xff, 0xff, 0xff, 0xff,
    0xf3, 0x5f, 0xff, 0xff, 0xff, 0xff, 0xff, 0xff,
    0xff, 0xff, 0xff, 0xf3, 0x5f, 0xff, 0xff, 0xff,
    0xff, 0xff, 0xff, 0xff, 0xff, 0xff, 0xf3, 0x5f,
    0xff, 0xfe, 0x88, 0x88, 0x88, 0x88, 0x88, 0xff,
    0xff, 0xf3, 0x5f, 0xff, 0xfd, 0x00, 0x00, 0x00,
    0x00, 0x00, 0xff, 0xff, 0xf3, 0x5f, 0xff, 0xfd,
    0x00, 0x00, 0x00, 0x00, 0x00, 0xff, 0xff, 0xf3,
    0x5f, 0xff, 0xfd, 0x00, 0x00, 0x00, 0x00, 0x00,
    0xff, 0xff, 0xf3, 0x5f, 0xff, 0xfd, 0x00, 0x00,
    0x00, 0x00, 0x00, 0xff, 0xff, 0xf3, 0x5f, 0xff,
    0xfd, 0x00, 0x00, 0x00, 0x00, 0x00, 0xff, 0xff,
    0xf3, 0x5f, 0xff, 0xfd, 0x00, 0x00, 0x00, 0x00,
    0x00, 0xff, 0xff, 0xf3, 0x5f, 0xff, 0xfd, 0x00,
    0x00, 0x00, 0x00, 0x00, 0xff, 0xff, 0xf3, 0x5f,
    0xff, 0xfd, 0x00, 0x00, 0x00, 0x00, 0x00, 0xff,
    0xff, 0xf3, 0x5f, 0xff, 0xfd, 0x00, 0x00, 0x00,
    0x00, 0x00, 0xff, 0xff, 0xf3,

    /* U+0049 "I" */
    0x5f, 0xff, 0xfd, 0x5f, 0xff, 0xfd, 0x5f, 0xff,
    0xfd, 0x5f, 0xff, 0xfd, 0x5f, 0xff, 0xfd, 0x5f,
    0xff, 0xfd, 0x5f, 0xff, 0xfd, 0x5f, 0xff, 0xfd,
    0x5f, 0xff, 0xfd, 0x5f, 0xff, 0xfd, 0x5f, 0xff,
    0xfd, 0x5f, 0xff, 0xfd, 0x5f, 0xff, 0xfd, 0x5f,
    0xff, 0xfd, 0x5f, 0xff, 0xfd, 0x5f, 0xff, 0xfd,
    0x5f, 0xff, 0xfd, 0x5f, 0xff, 0xfd, 0x5f, 0xff,
    0xfd, 0x5f, 0xff, 0xfd, 0x5f, 0xff, 0xfd, 0x5f,
    0xff, 0xfd, 0x5f, 0xff, 0xfd,

    /* U+004A "J" */
    0x00, 0x2f, 0xff, 0xff, 0xff, 0xff, 0xff, 0xfd,
    0x00, 0x2f, 0xff, 0xff, 0xff, 0xff, 0xff, 0xfd,
    0x00, 0x2f, 0xff, 0xff, 0xff, 0xff, 0xff, 0xfd,
    0x00, 0x2f, 0xff, 0xff, 0xff, 0xff, 0xff, 0xfd,
    0x00, 0x04, 0x44, 0x44, 0x44, 0x7f, 0xff, 0xfd,
    0x00, 0x00, 0x00, 0x00, 0x00, 0x4f, 0xff, 0xfd,
    0x00, 0x00, 0x00, 0x00, 0x00, 0x4f, 0xff, 0xfd,
    0x00, 0x00, 0x00, 0x00, 0x00, 0x4f, 0xff, 0xfd,
    0x00, 0x00, 0x00, 0x00, 0x00, 0x4f, 0xff, 0xfd,
    0x00, 0x00, 0x00, 0x00, 0x00, 0x4f, 0xff, 0xfd,
    0x00, 0x00, 0x00, 0x00, 0x00, 0x4f, 0xff, 0xfd,
    0x00, 0x00, 0x00, 0x00, 0x00, 0x4f, 0xff, 0xfd,
    0x00, 0x00, 0x00, 0x00, 0x00, 0x4f, 0xff, 0xfd,
    0x00, 0x00, 0x00, 0x00, 0x00, 0x4f, 0xff, 0xfd,
    0x00, 0x00, 0x00, 0x00, 0x00, 0x4f, 0xff, 0xfd,
    0x00, 0x00, 0x00, 0x00, 0x00, 0x5f, 0xff, 0xfc,
    0x00, 0x08, 0x00, 0x00, 0x00, 0x8f, 0xff, 0xfb,
    0x00, 0xbf, 0x90, 0x00, 0x01, 0xef, 0xff, 0xf8,
    0x09, 0xff, 0xfe, 0x86, 0x8e, 0xff, 0xff, 0xf3,
    0x4f, 0xff, 0xff, 0xff, 0xff, 0xff, 0xff, 0xc0,
    0x0a, 0xff, 0xff, 0xff, 0xff, 0xff, 0xff, 0x20,
    0x00, 0x7f, 0xff, 0xff, 0xff, 0xff, 0xd3, 0x00,
    0x00, 0x01, 0x6b, 0xdf, 0xfd, 0xa5, 0x00, 0x00,

    /* U+004B "K" */
    0x5f, 0xff, 0xfd, 0x00, 0x00, 0x00, 0x00, 0x0b,
    0xff, 0xff, 0xe2, 0x05, 0xff, 0xff, 0xd0, 0x00,
    0x00, 0x00, 0x0a, 0xff, 0xff, 0xf2, 0x00, 0x5f,
    0xff, 0xfd, 0x00, 0x00, 0x00, 0x09, 0xff, 0xff,
    0xf4, 0x00, 0x05, 0xff, 0xff, 0xd0, 0x00, 0x00,
    0x07, 0xff, 0xff, 0xf5, 0x00, 0x00, 0x5f, 0xff,
    0xfd, 0x00, 0x00, 0x06, 0xff, 0xff, 0xf6, 0x00,
    0x00, 0x05, 0xff, 0xff, 0xd0, 0x00, 0x05, 0xff,
    0xff, 0xf8, 0x00, 0x00, 0x00, 0x5f, 0xff, 0xfd,
    0x00, 0x04, 0xff, 0xff, 0xf9, 0x00, 0x00, 0x00,
    0x05, 0xff, 0xff, 0xd0, 0x03, 0xff, 0xff, 0xfa,
    0x00, 0x00, 0x00, 0x00, 0x5f, 0xff, 0xfd, 0x02,
    0xef, 0xff, 0xfc, 0x00, 0x00, 0x00, 0x00, 0x05,
    0xff, 0xff, 0xd2, 0xef, 0xff, 0xfd, 0x00, 0x00,
    0x00, 0x00, 0x00, 0x5f, 0xff, 0xfe, 0xdf, 0xff,
    0xff, 0x70, 0x00, 0x00, 0x00, 0x00, 0x05, 0xff,
    0xff, 0xff, 0xff, 0xff, 0xff, 0x30, 0x00, 0x00,
    0x00, 0x00, 0x5f, 0xff, 0xff, 0xff, 0xff, 0xff,
    0xfd, 0x10, 0x00, 0x00, 0x00, 0x05, 0xff, 0xff,
    0xff, 0xff, 0xff, 0xff, 0xfb, 0x00, 0x00, 0x00,
    0x00, 0x5f, 0xff, 0xff, 0xff, 0x5c, 0xff, 0xff,
    0xf7, 0x00, 0x00, 0x00, 0x05, 0xff, 0xff, 0xff,
    0x50, 0x1e, 0xff, 0xff, 0xf4, 0x00, 0x00, 0x00,
    0x5f, 0xff, 0xff, 0x70, 0x00, 0x3f, 0xff, 0xff,
    0xe1, 0x00, 0x00, 0x05, 0xff, 0xff, 0xd0, 0x00,
    0x00, 0x6f, 0xff, 0xff, 0xc0, 0x00, 0x00, 0x5f,
    0xff, 0xfd, 0x00, 0x00, 0x00, 0x9f, 0xff, 0xff,
    0x80, 0x00, 0x05, 0xff, 0xff, 0xd0, 0x00, 0x00,
    0x00, 0xcf, 0xff, 0xff, 0x50, 0x00, 0x5f, 0xff,
    0xfd, 0x00, 0x00, 0x00, 0x01, 0xef, 0xff, 0xff,
    0x20, 0x05, 0xff, 0xff, 0xd0, 0x00, 0x00, 0x00,
    0x03, 0xff, 0xff, 0xfd, 0x00, 0x5f, 0xff, 0xfd,
    0x00, 0x00, 0x00, 0x00, 0x06, 0xff, 0xff, 0xfa,
    0x00,

    /* U+004C "L" */
    0x5f, 0xff, 0xfd, 0x00, 0x00, 0x00, 0x00, 0x00,
    0x00, 0x5f, 0xff, 0xfd, 0x00, 0x00, 0x00, 0x00,
    0x00, 0x00, 0x5f, 0xff, 0xfd, 0x00, 0x00, 0x00,
    0x00, 0x00, 0x00, 0x5f, 0xff, 0xfd, 0x00, 0x00,
    0x00, 0x00, 0x00, 0x00, 0x5f, 0xff, 0xfd, 0x00,
    0x00, 0x00, 0x00, 0x00, 0x00, 0x5f, 0xff, 0xfd,
    0x00, 0x00, 0x00, 0x00, 0x00, 0x00, 0x5f, 0xff,
    0xfd, 0x00, 0x00, 0x00, 0x00, 0x00, 0x00, 0x5f,
    0xff, 0xfd, 0x00, 0x00, 0x00, 0x00, 0x00, 0x00,
    0x5f, 0xff, 0xfd, 0x00, 0x00, 0x00, 0x00, 0x00,
    0x00, 0x5f, 0xff, 0xfd, 0x00, 0x00, 0x00, 0x00,
    0x00, 0x00, 0x5f, 0xff, 0xfd, 0x00, 0x00, 0x00,
    0x00, 0x00, 0x00, 0x5f, 0xff, 0xfd, 0x00, 0x00,
    0x00, 0x00, 0x00, 0x00, 0x5f, 0xff, 0xfd, 0x00,
    0x00, 0x00, 0x00, 0x00, 0x00, 0x5f, 0xff, 0xfd,
    0x00, 0x00, 0x00, 0x00, 0x00, 0x00, 0x5f, 0xff,
    0xfd, 0x00, 0x00, 0x00, 0x00, 0x00, 0x00, 0x5f,
    0xff, 0xfd, 0x00, 0x00, 0x00, 0x00, 0x00, 0x00,
    0x5f, 0xff, 0xfd, 0x00, 0x00, 0x00, 0x00, 0x00,
    0x00, 0x5f, 0xff, 0xfd, 0x00, 0x00, 0x00, 0x00,
    0x00, 0x00, 0x5f, 0xff, 0xfe, 0x55, 0x55, 0x55,
    0x55, 0x55, 0x50, 0x5f, 0xff, 0xff, 0xff, 0xff,
    0xff, 0xff, 0xff, 0xf1, 0x5f, 0xff, 0xff, 0xff,
    0xff, 0xff, 0xff, 0xff, 0xf1, 0x5f, 0xff, 0xff,
    0xff, 0xff, 0xff, 0xff, 0xff, 0xf1, 0x5f, 0xff,
    0xff, 0xff, 0xff, 0xff, 0xff, 0xff, 0xf1,

    /* U+004D "M" */
    0x5f, 0xff, 0xf3, 0x00, 0x00, 0x00, 0x00, 0x00,
    0x00, 0x00, 0x0b, 0xff, 0xfd, 0x5f, 0xff, 0xfc,
    0x00, 0x00, 0x00, 0x00, 0x00, 0x00, 0x00, 0x4f,
    0xff, 0xfd, 0x5f, 0xff, 0xff, 0x60, 0x00, 0x00,
    0x00, 0x00, 0x00, 0x00, 0xdf, 0xff, 0xfd, 0x5f,
    0xff, 0xff, 0xe1, 0x00, 0x00, 0x00, 0x00, 0x00,
    0x07, 0xff, 0xff, 0xfd, 0x5f, 0xff, 0xff, 0xf9,
    0x00, 0x00, 0x00, 0x00, 0x00, 0x1e, 0xff, 0xff,
    0xfd, 0x5f, 0xff, 0xff, 0xff, 0x20, 0x00, 0x00,
    0x00, 0x00, 0x9f, 0xff, 0xff, 0xfd, 0x5f, 0xff,
    0xff, 0xff, 0xb0, 0x00, 0x00, 0x00, 0x02, 0xff,
    0xff, 0xff, 0xfd, 0x5f, 0xff, 0xff, 0xff, 0xf5,
    0x00, 0x00, 0x00, 0x0b, 0xff, 0xff, 0xff, 0xfd,
    0x5f, 0xff, 0xff, 0xff, 0xfe, 0x00, 0x00, 0x00,
    0x5f, 0xff, 0xff, 0xff, 0xfd, 0x5f, 0xff, 0xfe,
    0xff, 0xff, 0x80, 0x00, 0x00, 0xdf, 0xff, 0xdf,
    0xff, 0xfd, 0x5f, 0xff, 0xf8, 0xdf, 0xff, 0xf2,
    0x00, 0x07, 0xff, 0xff, 0x4f, 0xff, 0xfd, 0x5f,
    0xff, 0xf8, 0x4f, 0xff, 0xfa, 0x00, 0x1f, 0xff,
    0xfb, 0x0f, 0xff, 0xfd, 0x5f, 0xff, 0xf8, 0x0b,
    0xff, 0xff, 0x40, 0xaf, 0xff, 0xf2, 0x0f, 0xff,
    0xfe, 0x5f, 0xff, 0xf8, 0x02, 0xff, 0xff, 0xd3,
    0xff, 0xff, 0x80, 0x0f, 0xff, 0xfe, 0x5f, 0xff,
    0xf8, 0x00, 0x8f, 0xff, 0xff, 0xff, 0xfe, 0x00,
    0x0f, 0xff, 0xfe, 0x5f, 0xff, 0xf8, 0x00, 0x0e,
    0xff, 0xff, 0xff, 0xf5, 0x00, 0x0f, 0xff, 0xfe,
    0x5f, 0xff, 0xf8, 0x00, 0x05, 0xff, 0xff, 0xff,
    0xc0, 0x00, 0x0f, 0xff, 0xfe, 0x5f, 0xff, 0xf8,
    0x00, 0x00, 0xbf, 0xff, 0xff, 0x30, 0x00, 0x0f,
    0xff, 0xfe, 0x5f, 0xff, 0xf8, 0x00, 0x00, 0x2f,
    0xff, 0xfa, 0x00, 0x00, 0x0f, 0xff, 0xfe, 0x5f,
    0xff, 0xf8, 0x00, 0x00, 0x08, 0xff, 0xf1, 0x00,
    0x00, 0x0f, 0xff, 0xfe, 0x5f, 0xff, 0xf8, 0x00,
    0x00, 0x00, 0x99, 0x50, 0x00, 0x00, 0x0f, 0xff,
    0xfe, 0x5f, 0xff, 0xf8, 0x00, 0x00, 0x00, 0x00,
    0x00, 0x00, 0x00, 0x0f, 0xff, 0xfe, 0x5f, 0xff,
    0xf8, 0x00, 0x00, 0x00, 0x00, 0x00, 0x00, 0x00,
    0x0f, 0xff, 0xfe,

    /* U+004E "N" */
    0x5f, 0xff, 0xf5, 0x00, 0x00, 0x00, 0x00, 0x00,
    0xef, 0xff, 0xf3, 0x5f, 0xff, 0xff, 0x20, 0x00,
    0x00, 0x00, 0x00, 0xef, 0xff, 0xf3, 0x5f, 0xff,
    0xff, 0xd1, 0x00, 0x00, 0x00, 0x00, 0xef, 0xff,
    0xf3, 0x5f, 0xff, 0xff, 0xfb, 0x00, 0x00, 0x00,
    0x00, 0xef, 0xff, 0xf3, 0x5f, 0xff, 0xff, 0xff,
    0x80, 0x00, 0x00, 0x00, 0xef, 0xff, 0xf3, 0x5f,
    0xff, 0xff, 0xff, 0xf5, 0x00, 0x00, 0x00, 0xef,
    0xff, 0xf3, 0x5f, 0xff, 0xff, 0xff, 0xff, 0x20,
    0x00, 0x00, 0xef, 0xff, 0xf3, 0x5f, 0xff, 0xff,
    0xff, 0xff, 0xd0, 0x00, 0x00, 0xef, 0xff, 0xf3,
    0x5f, 0xff, 0xff, 0xff, 0xff, 0xfb, 0x00, 0x00,
    0xef, 0xff, 0xf3, 0x5f, 0xff, 0xfc, 0xcf, 0xff,
    0xff, 0x70, 0x00, 0xef, 0xff, 0xf3, 0x5f, 0xff,
    0xfc, 0x1e, 0xff, 0xff, 0xf4, 0x00, 0xef, 0xff,
    0xf3, 0x5f, 0xff, 0xfc, 0x03, 0xff, 0xff, 0xff,
    0x20, 0xef, 0xff, 0xf3, 0x5f, 0xff, 0xfc, 0x00,
    0x6f, 0xff, 0xff, 0xd0, 0xef, 0xff, 0xf3, 0x5f,
    0xff, 0xfc, 0x00, 0x0a, 0xff, 0xff, 0xfa, 0xef,
    0xff, 0xf3, 0x5f, 0xff, 0xfc, 0x00, 0x00, 0xcf,
    0xff, 0xff, 0xff, 0xff, 0xf3, 0x5f, 0xff, 0xfc,
    0x00, 0x00, 0x1e, 0xff, 0xff, 0xff, 0xff, 0xf3,
    0x5f, 0xff, 0xfc, 0x00, 0x00, 0x04, 0xff, 0xff,
    0xff, 0xff, 0xf3, 0x5f, 0xff, 0xfc, 0x00, 0x00,
    0x00, 0x7f, 0xff, 0xff, 0xff, 0xf3, 0x5f, 0xff,
    0xfc, 0x00, 0x00, 0x00, 0x0a, 0xff, 0xff, 0xff,
    0xf3, 0x5f, 0xff, 0xfc, 0x00, 0x00, 0x00, 0x00,
    0xdf, 0xff, 0xff, 0xf3, 0x5f, 0xff, 0xfc, 0x00,
    0x00, 0x00, 0x00, 0x2e, 0xff, 0xff, 0xf3, 0x5f,
    0xff, 0xfc, 0x00, 0x00, 0x00, 0x00, 0x04, 0xff,
    0xff, 0xf3, 0x5f, 0xff, 0xfc, 0x00, 0x00, 0x00,
    0x00, 0x00, 0x7f, 0xff, 0xf3,

    /* U+004F "O" */
    0x00, 0x00, 0x00, 0x01, 0x6a, 0xde, 0xfe, 0xda,
    0x61, 0x00, 0x00, 0x00, 0x00, 0x00, 0x00, 0x19,
    0xff, 0xff, 0xff, 0xff, 0xff, 0xf9, 0x10, 0x00,
    0x00, 0x00, 0x00, 0x4e, 0xff, 0xff, 0xff, 0xff,
    0xff, 0xff, 0xff, 0x50, 0x00, 0x00, 0x00, 0x7f,
    0xff, 0xff, 0xff, 0xff, 0xff, 0xff, 0xff, 0xff,
    0x70, 0x00, 0x00, 0x5f, 0xff, 0xff, 0xff, 0xda,
    0x9a, 0xdf, 0xff, 0xff, 0xff, 0x50, 0x00, 0x1f,
    0xff, 0xff, 0xfc, 0x30, 0x00, 0x00, 0x3c, 0xff,
    0xff, 0xff, 0x10, 0x09, 0xff, 0xff, 0xf9, 0x00,
    0x00, 0x00, 0x00, 0x09, 0xff, 0xff, 0xf9, 0x00,
    0xff, 0xff, 0xfb, 0x00, 0x00, 0x00, 0x00, 0x00,
    0x0b, 0xff, 0xff, 0xf0, 0x5f, 0xff, 0xff, 0x20,
    0x00, 0x00, 0x00, 0x00, 0x00, 0x2f, 0xff, 0xff,
    0x58, 0xff, 0xff, 0xc0, 0x00, 0x00, 0x00, 0x00,
    0x00, 0x00, 0xcf, 0xff, 0xf9, 0xaf, 0xff, 0xf9,
    0x00, 0x00, 0x00, 0x00, 0x00, 0x00, 0x09, 0xff,
    0xff, 0xab, 0xff, 0xff, 0x80, 0x00, 0x00, 0x00,
    0x00, 0x00, 0x00, 0x8f, 0xff, 0xfb, 0xaf, 0xff,
    0xf9, 0x00, 0x00, 0x00, 0x00, 0x00, 0x00, 0x09,
    0xff, 0xff, 0xa8, 0xff, 0xff, 0xc0, 0x00, 0x00,
    0x00, 0x00, 0x00, 0x00, 0xcf, 0xff, 0xf9, 0x5f,
    0xff, 0xff, 0x20, 0x00, 0x00, 0x00, 0x00, 0x00,
    0x2f, 0xff, 0xff, 0x50, 0xff, 0xff, 0xfb, 0x00,
    0x00, 0x00, 0x00, 0x00, 0x0b, 0xff, 0xff, 0xf0,
    0x09, 0xff, 0xff, 0xf8, 0x00, 0x00, 0x00, 0x00,
    0x08, 0xff, 0xff, 0xf9, 0x00, 0x1f, 0xff, 0xff,
    0xfb, 0x30, 0x00, 0x00, 0x3b, 0xff, 0xff, 0xff,
    0x10, 0x00, 0x5f, 0xff, 0xff, 0xff, 0xda, 0x9a,
    0xdf, 0xff, 0xff, 0xff, 0x50, 0x00, 0x00, 0x7f,
    0xff, 0xff, 0xff, 0xff, 0xff, 0xff, 0xff, 0xff,
    0x70, 0x00, 0x00, 0x00, 0x5f, 0xff, 0xff, 0xff,
    0xff, 0xff, 0xff, 0xff, 0x50, 0x00, 0x00, 0x00,
    0x00, 0x19, 0xff, 0xff, 0xff, 0xff, 0xff, 0xf9,
    0x10, 0x00, 0x00, 0x00, 0x00, 0x00, 0x01, 0x6a,
    0xde, 0xfe, 0xda, 0x61, 0x00, 0x00, 0x00, 0x00,

    /* U+0050 "P" */
    0x5f, 0xff, 0xff, 0xff, 0xff, 0xfe, 0xca, 0x50,
    0x00, 0x00, 0x05, 0xff, 0xff, 0xff, 0xff, 0xff,
    0xff, 0xff, 0xf7, 0x00, 0x00, 0x5f, 0xff, 0xff,
    0xff, 0xff, 0xff, 0xff, 0xff, 0xfb, 0x00, 0x05,
    0xff, 0xff, 0xff, 0xff, 0xff, 0xff, 0xff, 0xff,
    0xfa, 0x00, 0x5f, 0xff, 0xfe, 0x55, 0x55, 0x57,
    0xbf, 0xff, 0xff, 0xf4, 0x05, 0xff, 0xff, 0xd0,
    0x00, 0x00, 0x00, 0x4f, 0xff, 0xff, 0xa0, 0x5f,
    0xff, 0xfd, 0x00, 0x00, 0x00, 0x00, 0x8f, 0xff,
    0xfe, 0x05, 0xff, 0xff, 0xd0, 0x00, 0x00, 0x00,
    0x03, 0xff, 0xff, 0xf0, 0x5f, 0xff, 0xfd, 0x00,
    0x00, 0x00, 0x00, 0x3f, 0xff, 0xff, 0x05, 0xff,
    0xff, 0xd0, 0x00, 0x00, 0x00, 0x06, 0xff, 0xff,
    0xf0, 0x5f, 0xff, 0xfd, 0x00, 0x00, 0x00, 0x01,
    0xdf, 0xff, 0xfc, 0x05, 0xff, 0xff, 0xd0, 0x00,
    0x00, 0x26, 0xdf, 0xff, 0xff, 0x60, 0x5f, 0xff,
    0xff, 0xff, 0xff, 0xff, 0xff, 0xff, 0xff, 0xd0,
    0x05, 0xff, 0xff, 0xff, 0xff, 0xff, 0xff, 0xff,
    0xff, 0xf3, 0x00, 0x5f, 0xff, 0xff, 0xff, 0xff,
    0xff, 0xff, 0xff, 0xd2, 0x00, 0x05, 0xff, 0xff,
    0xff, 0xff, 0xff, 0xff, 0xfb, 0x50, 0x00, 0x00,
    0x5f, 0xff, 0xfe, 0x55, 0x55, 0x54, 0x20, 0x00,
    0x00, 0x00, 0x05, 0xff, 0xff, 0xd0, 0x00, 0x00,
    0x00, 0x00, 0x00, 0x00, 0x00, 0x5f, 0xff, 0xfd,
    0x00, 0x00, 0x00, 0x00, 0x00, 0x00, 0x00, 0x05,
    0xff, 0xff, 0xd0, 0x00, 0x00, 0x00, 0x00, 0x00,
    0x00, 0x00, 0x5f, 0xff, 0xfd, 0x00, 0x00, 0x00,
    0x00, 0x00, 0x00, 0x00, 0x05, 0xff, 0xff, 0xd0,
    0x00, 0x00, 0x00, 0x00, 0x00, 0x00, 0x00, 0x5f,
    0xff, 0xfd, 0x00, 0x00, 0x00, 0x00, 0x00, 0x00,
    0x00, 0x00,

    /* U+0051 "Q" */
    0x00, 0x00, 0x00, 0x01, 0x5a, 0xde, 0xfe, 0xda,
    0x51, 0x00, 0x00, 0x00, 0x00, 0x00, 0x00, 0x01,
    0x8f, 0xff, 0xff, 0xff, 0xff, 0xff, 0x81, 0x00,
    0x00, 0x00, 0x00, 0x00, 0x3e, 0xff, 0xff, 0xff,
    0xff, 0xff, 0xff, 0xfe, 0x30, 0x00, 0x00, 0x00,
    0x05, 0xff, 0xff, 0xff, 0xff, 0xff, 0xff, 0xff,
    0xff, 0xf5, 0x00, 0x00, 0x00, 0x3f, 0xff, 0xff,
    0xff, 0xdb, 0x9b, 0xdf, 0xff, 0xff, 0xff, 0x30,
    0x00, 0x00, 0xdf, 0xff, 0xff, 0xd4, 0x00, 0x00,
    0x04, 0xdf, 0xff, 0xff, 0xe0, 0x00, 0x07, 0xff,
    0xff, 0xfa, 0x00, 0x00, 0x00, 0x00, 0x0a, 0xff,
    0xff, 0xf7, 0x00, 0x0e, 0xff, 0xff, 0xd0, 0x00,
    0x00, 0x00, 0x00, 0x00, 0xdf, 0xff, 0xfe, 0x00,
    0x3f, 0xff, 0xff, 0x40, 0x00, 0x00, 0x00, 0x00,
    0x00, 0x4f, 0xff, 0xff, 0x30, 0x7f, 0xff, 0xfe,
    0x00, 0x00, 0x00, 0x00, 0x00, 0x00, 0x0e, 0xff,
    0xff, 0x80, 0x9f, 0xff, 0xfa, 0x00, 0x00, 0x00,
    0x00, 0x00, 0x00, 0x0a, 0xff, 0xff, 0x90, 0xbf,
    0xff, 0xf8, 0x00, 0x00, 0x00, 0x00, 0x00, 0x00,
    0x08, 0xff, 0xff, 0xb0, 0xbf, 0xff, 0xf8, 0x00,
    0x00, 0x00, 0x00, 0x00, 0x00, 0x08, 0xff, 0xff,
    0xb0, 0xaf, 0xff, 0xfa, 0x00, 0x00, 0x00, 0x00,
    0x00, 0x00, 0x0a, 0xff, 0xff, 0xa0, 0x8f, 0xff,
    0xfe, 0x00, 0x00, 0x00, 0x00, 0x00, 0x00, 0x0e,
    0xff, 0xff, 0x80, 0x4f, 0xff, 0xff, 0x40, 0x00,
    0x00, 0x00, 0x00, 0x00, 0x4f, 0xff, 0xff, 0x40,
    0x0e, 0xff, 0xff, 0xd0, 0x00, 0x00, 0x00, 0x00,
    0x00, 0xdf, 0xff, 0xfe, 0x00, 0x07, 0xff, 0xff,
    0xfa, 0x00, 0x00, 0x00, 0x00, 0x0a, 0xff, 0xff,
    0xf7, 0x00, 0x00, 0xdf, 0xff, 0xff, 0xc4, 0x00,
    0x00, 0x04, 0xcf, 0xff, 0xff, 0xd0, 0x00, 0x00,
    0x3f, 0xff, 0xff, 0xff, 0xda, 0x9a, 0xdf, 0xff,
    0xff, 0xff, 0x30, 0x00, 0x00, 0x04, 0xff, 0xff,
    0xff, 0xff, 0xff, 0xff, 0xff, 0xff, 0xf5, 0x00,
    0x00, 0x00, 0x00, 0x3e, 0xff, 0xff, 0xff, 0xff,
    0xff, 0xff, 0xfe, 0x40, 0x00, 0x00, 0x00, 0x00,
    0x01, 0x9f, 0xff, 0xff, 0xff, 0xff, 0xff, 0x91,
    0x00, 0x00, 0x00, 0x00, 0x00, 0x00, 0x01, 0x6a,
    0xdf, 0xff, 0xff, 0xf2, 0x00, 0x00, 0x07, 0x00,
    0x00, 0x00, 0x00, 0x00, 0x00, 0x0b, 0xff, 0xff,
    0xfd, 0x50, 0x04, 0xcf, 0x90, 0x00, 0x00, 0x00,
    0x00, 0x00, 0x00, 0xbf, 0xff, 0xff, 0xff, 0xff,
    0xff, 0xf5, 0x00, 0x00, 0x00, 0x00, 0x00, 0x00,
    0x09, 0xff, 0xff, 0xff, 0xff, 0xff, 0xf7, 0x00,
    0x00, 0x00, 0x00, 0x00, 0x00, 0x00, 0x5e, 0xff,
    0xff, 0xff, 0xff, 0x60, 0x00, 0x00, 0x00, 0x00,
    0x00, 0x00, 0x00, 0x00, 0x5a, 0xde, 0xec, 0x71,
    0x00,

    /* U+0052 "R" */
    0x5f, 0xff, 0xff, 0xff, 0xff, 0xfe, 0xda, 0x60,
    0x00, 0x00, 0x05, 0xff, 0xff, 0xff, 0xff, 0xff,
    0xff, 0xff, 0xf7, 0x00, 0x00, 0x5f, 0xff, 0xff,
    0xff, 0xff, 0xff, 0xff, 0xff, 0xfb, 0x00, 0x05,
    0xff, 0xff, 0xff, 0xff, 0xff, 0xff, 0xff, 0xff,
    0xfa, 0x00, 0x5f, 0xff, 0xfe, 0x55, 0x55, 0x57,
    0xbf, 0xff, 0xff, 0xf4, 0x05, 0xff, 0xff, 0xd0,
    0x00, 0x00, 0x00, 0x4f, 0xff, 0xff, 0xa0, 0x5f,
    0xff, 0xfd, 0x00, 0x00, 0x00, 0x00, 0x8f, 0xff,
    0xfe, 0x05, 0xff, 0xff, 0xd0, 0x00, 0x00, 0x00,
    0x03, 0xff, 0xff, 0xf0, 0x5f, 0xff, 0xfd, 0x00,
    0x00, 0x00, 0x00, 0x3f, 0xff, 0xff, 0x05, 0xff,
    0xff, 0xd0, 0x00, 0x00, 0x00, 0x06, 0xff, 0xff,
    0xf0, 0x5f, 0xff, 0xfd, 0x00, 0x00, 0x00, 0x01,
    0xdf, 0xff, 0xfc, 0x05, 0xff, 0xff, 0xd0, 0x00,
    0x00, 0x26, 0xef, 0xff, 0xff, 0x60, 0x5f, 0xff,
    0xff, 0xff, 0xff, 0xff, 0xff, 0xff, 0xff, 0xc0,
    0x05, 0xff, 0xff, 0xff, 0xff, 0xff, 0xff, 0xff,
    0xff, 0xd1, 0x00, 0x5f, 0xff, 0xff, 0xff, 0xff,
    0xff, 0xff, 0xff, 0xa1, 0x00, 0x05, 0xff, 0xff,
    0xff, 0xff, 0xff, 0xff, 0xff, 0xb0, 0x00, 0x00,
    0x5f, 0xff, 0xfe, 0x44, 0x44, 0x5f, 0xff, 0xff,
    0x40, 0x00, 0x05, 0xff, 0xff, 0xd0, 0x00, 0x00,
    0x9f, 0xff, 0xfe, 0x00, 0x00, 0x5f, 0xff, 0xfd,
    0x00, 0x00, 0x00, 0xef, 0xff, 0xf9, 0x00, 0x05,
    0xff, 0xff, 0xd0, 0x00, 0x00, 0x05, 0xff, 0xff,
    0xf3, 0x00, 0x5f, 0xff, 0xfd, 0x00, 0x00, 0x00,
    0x0a, 0xff, 0xff, 0xd0, 0x05, 0xff, 0xff, 0xd0,
    0x00, 0x00, 0x00, 0x1f, 0xff, 0xff, 0x80, 0x5f,
    0xff, 0xfd, 0x00, 0x00, 0x00, 0x00, 0x6f, 0xff,
    0xff, 0x30,

    /* U+0053 "S" */
    0x00, 0x00, 0x01, 0x6a, 0xdf, 0xff, 0xeb, 0x84,
    0x00, 0x00, 0x00, 0x00, 0x8f, 0xff, 0xff, 0xff,
    0xff, 0xff, 0xe7, 0x00, 0x00, 0x0c, 0xff, 0xff,
    0xff, 0xff, 0xff, 0xff, 0xff, 0x50, 0x00, 0xaf,
    0xff, 0xff, 0xff, 0xff, 0xff, 0xff, 0xfe, 0x00,
    0x02, 0xff, 0xff, 0xff, 0x96, 0x55, 0x7a, 0xef,
    0xf9, 0x00, 0x07, 0xff, 0xff, 0xe2, 0x00, 0x00,
    0x00, 0x05, 0xc2, 0x00, 0x0a, 0xff, 0xff, 0x90,
    0x00, 0x00, 0x00, 0x00, 0x00, 0x00, 0x09, 0xff,
    0xff, 0xb0, 0x00, 0x00, 0x00, 0x00, 0x00, 0x00,
    0x06, 0xff, 0xff, 0xfa, 0x20, 0x00, 0x00, 0x00,
    0x00, 0x00, 0x01, 0xff, 0xff, 0xff, 0xfd, 0x95,
    0x10, 0x00, 0x00, 0x00, 0x00, 0x5f, 0xff, 0xff,
    0xff, 0xff, 0xfd, 0x93, 0x00, 0x00, 0x00, 0x04,
    0xef, 0xff, 0xff, 0xff, 0xff, 0xff, 0xb2, 0x00,
    0x00, 0x00, 0x06, 0xcf, 0xff, 0xff, 0xff, 0xff,
    0xff, 0x30, 0x00, 0x00, 0x00, 0x00, 0x48, 0xcf,
    0xff, 0xff, 0xff, 0xd0, 0x00, 0x00, 0x00, 0x00,
    0x00, 0x00, 0x5d, 0xff, 0xff, 0xf4, 0x00, 0x00,
    0x00, 0x00, 0x00, 0x00, 0x00, 0xef, 0xff, 0xf7,
    0x00, 0x31, 0x00, 0x00, 0x00, 0x00, 0x00, 0xaf,
    0xff, 0xf7, 0x00, 0xdf, 0x82, 0x00, 0x00, 0x00,
    0x02, 0xef, 0xff, 0xf5, 0x04, 0xff, 0xff, 0xc9,
    0x65, 0x45, 0x9f, 0xff, 0xff, 0xf1, 0x0b, 0xff,
    0xff, 0xff, 0xff, 0xff, 0xff, 0xff, 0xff, 0x70,
    0x0b, 0xff, 0xff, 0xff, 0xff, 0xff, 0xff, 0xff,
    0xfa, 0x00, 0x00, 0x4b, 0xff, 0xff, 0xff, 0xff,
    0xff, 0xfe, 0x60, 0x00, 0x00, 0x00, 0x26, 0xad,
    0xef, 0xfe, 0xda, 0x50, 0x00, 0x00,

    /* U+0054 "T" */
    0xef, 0xff, 0xff, 0xff, 0xff, 0xff, 0xff, 0xff,
    0xff, 0xfa, 0xef, 0xff, 0xff, 0xff, 0xff, 0xff,
    0xff, 0xff, 0xff, 0xfa, 0xef, 0xff, 0xff, 0xff,
    0xff, 0xff, 0xff, 0xff, 0xff, 0xfa, 0xef, 0xff,
    0xff, 0xff, 0xff, 0xff, 0xff, 0xff, 0xff, 0xfa,
    0x45, 0x55, 0x55, 0x5c, 0xff, 0xff, 0xa5, 0x55,
    0x55, 0x53, 0x00, 0x00, 0x00, 0x0b, 0xff, 0xff,
    0x70, 0x00, 0x00, 0x00, 0x00, 0x00, 0x00, 0x0b,
    0xff, 0xff, 0x70, 0x00, 0x00, 0x00, 0x00, 0x00,
    0x00, 0x0b, 0xff, 0xff, 0x70, 0x00, 0x00, 0x00,
    0x00, 0x00, 0x00, 0x0b, 0xff, 0xff, 0x70, 0x00,
    0x00, 0x00, 0x00, 0x00, 0x00, 0x0b, 0xff, 0xff,
    0x70, 0x00, 0x00, 0x00, 0x00, 0x00, 0x00, 0x0b,
    0xff, 0xff, 0x70, 0x00, 0x00, 0x00, 0x00, 0x00,
    0x00, 0x0b, 0xff, 0xff, 0x70, 0x00, 0x00, 0x00,
    0x00, 0x00, 0x00, 0x0b, 0xff, 0xff, 0x70, 0x00,
    0x00, 0x00, 0x00, 0x00, 0x00, 0x0b, 0xff, 0xff,
    0x70, 0x00, 0x00, 0x00, 0x00, 0x00, 0x00, 0x0b,
    0xff, 0xff, 0x70, 0x00, 0x00, 0x00, 0x00, 0x00,
    0x00, 0x0b, 0xff, 0xff, 0x70, 0x00, 0x00, 0x00,
    0x00, 0x00, 0x00, 0x0b, 0xff, 0xff, 0x70, 0x00,
    0x00, 0x00, 0x00, 0x00, 0x00, 0x0b, 0xff, 0xff,
    0x70, 0x00, 0x00, 0x00, 0x00, 0x00, 0x00, 0x0b,
    0xff, 0xff, 0x70, 0x00, 0x00, 0x00, 0x00, 0x00,
    0x00, 0x0b, 0xff, 0xff, 0x70, 0x00, 0x00, 0x00,
    0x00, 0x00, 0x00, 0x0b, 0xff, 0xff, 0x70, 0x00,
    0x00, 0x00, 0x00, 0x00, 0x00, 0x0b, 0xff, 0xff,
    0x70, 0x00, 0x00, 0x00, 0x00, 0x00, 0x00, 0x0b,
    0xff, 0xff, 0x70, 0x00, 0x00, 0x00,

    /* U+0055 "U" */
    0x8f, 0xff, 0xfa, 0x00, 0x00, 0x00, 0x00, 0x06,
    0xff, 0xff, 0xc8, 0xff, 0xff, 0xa0, 0x00, 0x00,
    0x00, 0x00, 0x6f, 0xff, 0xfc, 0x8f, 0xff, 0xfa,
    0x00, 0x00, 0x00, 0x00, 0x06, 0xff, 0xff, 0xc8,
    0xff, 0xff, 0xa0, 0x00, 0x00, 0x00, 0x00, 0x6f,
    0xff, 0xfc, 0x8f, 0xff, 0xfa, 0x00, 0x00, 0x00,
    0x00, 0x06, 0xff, 0xff, 0xc8, 0xff, 0xff, 0xa0,
    0x00, 0x00, 0x00, 0x00, 0x6f, 0xff, 0xfc, 0x8f,
    0xff, 0xfa, 0x00, 0x00, 0x00, 0x00, 0x06, 0xff,
    0xff, 0xc8, 0xff, 0xff, 0xa0, 0x00, 0x00, 0x00,
    0x00, 0x6f, 0xff, 0xfc, 0x8f, 0xff, 0xfa, 0x00,
    0x00, 0x00, 0x00, 0x06, 0xff, 0xff, 0xc8, 0xff,
    0xff, 0xa0, 0x00, 0x00, 0x00, 0x00, 0x6f, 0xff,
    0xfc, 0x8f, 0xff, 0xfa, 0x00, 0x00, 0x00, 0x00,
    0x06, 0xff, 0xff, 0xc8, 0xff, 0xff, 0xa0, 0x00,
    0x00, 0x00, 0x00, 0x6f, 0xff, 0xfc, 0x8f, 0xff,
    0xfa, 0x00, 0x00, 0x00, 0x00, 0x06, 0xff, 0xff,
    0xb7, 0xff, 0xff, 0xb0, 0x00, 0x00, 0x00, 0x00,
    0x6f, 0xff, 0xfb, 0x6f, 0xff, 0xfd, 0x00, 0x00,
    0x00, 0x00, 0x09, 0xff, 0xff, 0x93, 0xff, 0xff,
    0xf1, 0x00, 0x00, 0x00, 0x00, 0xdf, 0xff, 0xf7,
    0x0f, 0xff, 0xff, 0x90, 0x00, 0x00, 0x00, 0x5f,
    0xff, 0xff, 0x30, 0xaf, 0xff, 0xff, 0x80, 0x00,
    0x00, 0x5f, 0xff, 0xff, 0xd0, 0x02, 0xff, 0xff,
    0xff, 0xea, 0x99, 0xdf, 0xff, 0xff, 0xf6, 0x00,
    0x08, 0xff, 0xff, 0xff, 0xff, 0xff, 0xff, 0xff,
    0xfb, 0x00, 0x00, 0x09, 0xff, 0xff, 0xff, 0xff,
    0xff, 0xff, 0xfc, 0x10, 0x00, 0x00, 0x06, 0xef,
    0xff, 0xff, 0xff, 0xff, 0xf8, 0x00, 0x00, 0x00,
    0x00, 0x00, 0x59, 0xde, 0xff, 0xda, 0x61, 0x00,
    0x00, 0x00,

    /* U+0056 "V" */
    0x1f, 0xff, 0xff, 0x80, 0x00, 0x00, 0x00, 0x00,
    0x00, 0x02, 0xff, 0xff, 0xe0, 0x0a, 0xff, 0xff,
    0xe0, 0x00, 0x00, 0x00, 0x00, 0x00, 0x09, 0xff,
    0xff, 0x80, 0x03, 0xff, 0xff, 0xf5, 0x00, 0x00,
    0x00, 0x00, 0x00, 0x0f, 0xff, 0xff, 0x20, 0x00,
    0xdf, 0xff, 0xfc, 0x00, 0x00, 0x00, 0x00, 0x00,
    0x6f, 0xff, 0xfb, 0x00, 0x00, 0x6f, 0xff, 0xff,
    0x20, 0x00, 0x00, 0x00, 0x00, 0xdf, 0xff, 0xf4,
    0x00, 0x00, 0x0e, 0xff, 0xff, 0x90, 0x00, 0x00,
    0x00, 0x04, 0xff, 0xff, 0xd0, 0x00, 0x00, 0x08,
    0xff, 0xff, 0xf0, 0x00, 0x00, 0x00, 0x0b, 0xff,
    0xff, 0x70, 0x00, 0x00, 0x02, 0xff, 0xff, 0xf6,
    0x00, 0x00, 0x00, 0x2f, 0xff, 0xff, 0x10, 0x00,
    0x00, 0x00, 0xbf, 0xff, 0xfd, 0x00, 0x00, 0x00,
    0x8f, 0xff, 0xf9, 0x00, 0x00, 0x00, 0x00, 0x4f,
    0xff, 0xff, 0x40, 0x00, 0x00, 0xef, 0xff, 0xf2,
    0x00, 0x00, 0x00, 0x00, 0x0d, 0xff, 0xff, 0xa0,
    0x00, 0x06, 0xff, 0xff, 0xc0, 0x00, 0x00, 0x00,
    0x00, 0x07, 0xff, 0xff, 0xf1, 0x00, 0x0c, 0xff,
    0xff, 0x50, 0x00, 0x00, 0x00, 0x00, 0x01, 0xff,
    0xff, 0xf7, 0x00, 0x3f, 0xff, 0xfe, 0x00, 0x00,
    0x00, 0x00, 0x00, 0x00, 0x9f, 0xff, 0xfe, 0x00,
    0xaf, 0xff, 0xf8, 0x00, 0x00, 0x00, 0x00, 0x00,
    0x00, 0x3f, 0xff, 0xff, 0x51, 0xff, 0xff, 0xf1,
    0x00, 0x00, 0x00, 0x00, 0x00, 0x00, 0x0c, 0xff,
    0xff, 0xb7, 0xff, 0xff, 0xa0, 0x00, 0x00, 0x00,
    0x00, 0x00, 0x00, 0x05, 0xff, 0xff, 0xfe, 0xff,
    0xff, 0x30, 0x00, 0x00, 0x00, 0x00, 0x00, 0x00,
    0x00, 0xef, 0xff, 0xff, 0xff, 0xfd, 0x00, 0x00,
    0x00, 0x00, 0x00, 0x00, 0x00, 0x00, 0x8f, 0xff,
    0xff, 0xff, 0xf6, 0x00, 0x00, 0x00, 0x00, 0x00,
    0x00, 0x00, 0x00, 0x1f, 0xff, 0xff, 0xff, 0xe0,
    0x00, 0x00, 0x00, 0x00, 0x00, 0x00, 0x00, 0x00,
    0x0a, 0xff, 0xff, 0xff, 0x80, 0x00, 0x00, 0x00,
    0x00, 0x00, 0x00, 0x00, 0x00, 0x04, 0xff, 0xff,
    0xff, 0x20, 0x00, 0x00, 0x00, 0x00, 0x00, 0x00,
    0x00, 0x00, 0x00, 0xdf, 0xff, 0xfb, 0x00, 0x00,
    0x00, 0x00, 0x00,

    /* U+0057 "W" */
    0x2f, 0xff, 0xff, 0x30, 0x00, 0x00, 0x00, 0x00,
    0xbf, 0xff, 0xf5, 0x00, 0x00, 0x00, 0x00, 0x09,
    0xff, 0xff, 0x50, 0xdf, 0xff, 0xf8, 0x00, 0x00,
    0x00, 0x00, 0x1f, 0xff, 0xff, 0xb0, 0x00, 0x00,
    0x00, 0x00, 0xef, 0xff, 0xf0, 0x08, 0xff, 0xff,
    0xd0, 0x00, 0x00, 0x00, 0x06, 0xff, 0xff, 0xff,
    0x00, 0x00, 0x00, 0x00, 0x4f, 0xff, 0xfb, 0x00,
    0x2f, 0xff, 0xff, 0x20, 0x00, 0x00, 0x00, 0xbf,
    0xff, 0xff, 0xf5, 0x00, 0x00, 0x00, 0x09, 0xff,
    0xff, 0x60, 0x00, 0xdf, 0xff, 0xf7, 0x00, 0x00,
    0x00, 0x1f, 0xff, 0xff, 0xff, 0xa0, 0x00, 0x00,
    0x00, 0xef, 0xff, 0xf1, 0x00, 0x08, 0xff, 0xff,
    0xc0, 0x00, 0x00, 0x06, 0xff, 0xff, 0xff, 0xfe,
    0x00, 0x00, 0x00, 0x3f, 0xff, 0xfc, 0x00, 0x00,
    0x3f, 0xff, 0xff, 0x10, 0x00, 0x00, 0xbf, 0xff,
    0xff, 0xff, 0xf4, 0x00, 0x00, 0x08, 0xff, 0xff,
    0x70, 0x00, 0x00, 0xef, 0xff, 0xf6, 0x00, 0x00,
    0x0f, 0xff, 0xfe, 0xff, 0xff, 0x90, 0x00, 0x00,
    0xdf, 0xff, 0xf2, 0x00, 0x00, 0x09, 0xff, 0xff,
    0xb0, 0x00, 0x05, 0xff, 0xff, 0x5f, 0xff, 0xfe,
    0x00, 0x00, 0x2f, 0xff, 0xfc, 0x00, 0x00, 0x00,
    0x4f, 0xff, 0xff, 0x10, 0x00, 0xaf, 0xff, 0xf0,
    0xaf, 0xff, 0xf3, 0x00, 0x07, 0xff, 0xff, 0x70,
    0x00, 0x00, 0x00, 0xef, 0xff, 0xf5, 0x00, 0x0f,
    0xff, 0xfa, 0x05, 0xff, 0xff, 0x80, 0x00, 0xcf,
    0xff, 0xf2, 0x00, 0x00, 0x00, 0x09, 0xff, 0xff,
    0xa0, 0x05, 0xff, 0xff, 0x50, 0x0f, 0xff, 0xfd,
    0x00, 0x2f, 0xff, 0xfd, 0x00, 0x00, 0x00, 0x00,
    0x4f, 0xff, 0xff, 0x00, 0xaf, 0xff, 0xf0, 0x00,
    0xbf, 0xff, 0xf2, 0x07, 0xff, 0xff, 0x80, 0x00,
    0x00, 0x00, 0x00, 0xff, 0xff, 0xf4, 0x0f, 0xff,
    0xfb, 0x00, 0x06, 0xff, 0xff, 0x70, 0xcf, 0xff,
    0xf3, 0x00, 0x00, 0x00, 0x00, 0x0a, 0xff, 0xff,
    0x95, 0xff, 0xff, 0x50, 0x00, 0x1f, 0xff, 0xfc,
    0x1f, 0xff, 0xfe, 0x00, 0x00, 0x00, 0x00, 0x00,
    0x5f, 0xff, 0xfe, 0xaf, 0xff, 0xf1, 0x00, 0x00,
    0xcf, 0xff, 0xf8, 0xff, 0xff, 0x90, 0x00, 0x00,
    0x00, 0x00, 0x00, 0xff, 0xff, 0xff, 0xff, 0xfb,
    0x00, 0x00, 0x07, 0xff, 0xff, 0xff, 0xff, 0xf4,
    0x00, 0x00, 0x00, 0x00, 0x00, 0x0b, 0xff, 0xff,
    0xff, 0xff, 0x60, 0x00, 0x00, 0x2f, 0xff, 0xff,
    0xff, 0xfe, 0x00, 0x00, 0x00, 0x00, 0x00, 0x00,
    0x6f, 0xff, 0xff, 0xff, 0xf1, 0x00, 0x00, 0x00,
    0xdf, 0xff, 0xff, 0xff, 0x90, 0x00, 0x00, 0x00,
    0x00, 0x00, 0x01, 0xff, 0xff, 0xff, 0xfb, 0x00,
    0x00, 0x00, 0x07, 0xff, 0xff, 0xff, 0xf4, 0x00,
    0x00, 0x00, 0x00, 0x00, 0x00, 0x0b, 0xff, 0xff,
    0xff, 0x60, 0x00, 0x00, 0x00, 0x2f, 0xff, 0xff,
    0xff, 0x00, 0x00, 0x00, 0x00, 0x00, 0x00, 0x00,
    0x6f, 0xff, 0xff, 0xf1, 0x00, 0x00, 0x00, 0x00,
    0xdf, 0xff, 0xff, 0xa0, 0x00, 0x00, 0x00, 0x00,
    0x00, 0x00, 0x01, 0xff, 0xff, 0xfc, 0x00, 0x00,
    0x00, 0x00, 0x08, 0xff, 0xff, 0xf5, 0x00, 0x00,
    0x00, 0x00,

    /* U+0058 "X" */
    0x2f, 0xff, 0xff, 0xb0, 0x00, 0x00, 0x00, 0x00,
    0xbf, 0xff, 0xfd, 0x00, 0x7f, 0xff, 0xff, 0x70,
    0x00, 0x00, 0x00, 0x6f, 0xff, 0xff, 0x20, 0x00,
    0xbf, 0xff, 0xff, 0x20, 0x00, 0x00, 0x2f, 0xff,
    0xff, 0x70, 0x00, 0x01, 0xff, 0xff, 0xfc, 0x00,
    0x00, 0x0c, 0xff, 0xff, 0xb0, 0x00, 0x00, 0x05,
    0xff, 0xff, 0xf8, 0x00, 0x07, 0xff, 0xff, 0xe1,
    0x00, 0x00, 0x00, 0x0a, 0xff, 0xff, 0xf3, 0x03,
    0xff, 0xff, 0xf5, 0x00, 0x00, 0x00, 0x00, 0x1e,
    0xff, 0xff, 0xd1, 0xdf, 0xff, 0xfa, 0x00, 0x00,
    0x00, 0x00, 0x00, 0x4f, 0xff, 0xff, 0xef, 0xff,
    0xfe, 0x00, 0x00, 0x00, 0x00, 0x00, 0x00, 0x9f,
    0xff, 0xff, 0xff, 0xff, 0x30, 0x00, 0x00, 0x00,
    0x00, 0x00, 0x00, 0xdf, 0xff, 0xff, 0xff, 0x80,
    0x00, 0x00, 0x00, 0x00, 0x00, 0x00, 0x03, 0xff,
    0xff, 0xff, 0xc0, 0x00, 0x00, 0x00, 0x00, 0x00,
    0x00, 0x00, 0x0d, 0xff, 0xff, 0xfa, 0x00, 0x00,
    0x00, 0x00, 0x00, 0x00, 0x00, 0x07, 0xff, 0xff,
    0xff, 0xf6, 0x00, 0x00, 0x00, 0x00, 0x00, 0x00,
    0x03, 0xff, 0xff, 0xff, 0xff, 0xf2, 0x00, 0x00,
    0x00, 0x00, 0x00, 0x00, 0xdf, 0xff, 0xff, 0xff,
    0xff, 0xc0, 0x00, 0x00, 0x00, 0x00, 0x00, 0x9f,
    0xff, 0xfe, 0x6f, 0xff, 0xff, 0x70, 0x00, 0x00,
    0x00, 0x00, 0x5f, 0xff, 0xff, 0x50, 0xaf, 0xff,
    0xff, 0x30, 0x00, 0x00, 0x00, 0x1e, 0xff, 0xff,
    0xb0, 0x01, 0xef, 0xff, 0xfd, 0x00, 0x00, 0x00,
    0x0b, 0xff, 0xff, 0xe1, 0x00, 0x04, 0xff, 0xff,
    0xf9, 0x00, 0x00, 0x06, 0xff, 0xff, 0xf5, 0x00,
    0x00, 0x09, 0xff, 0xff, 0xf4, 0x00, 0x02, 0xff,
    0xff, 0xfb, 0x00, 0x00, 0x00, 0x0e, 0xff, 0xff,
    0xe1, 0x00, 0xdf, 0xff, 0xff, 0x10, 0x00, 0x00,
    0x00, 0x4f, 0xff, 0xff, 0xb0, 0x8f, 0xff, 0xff,
    0x60, 0x00, 0x00, 0x00, 0x00, 0x9f, 0xff, 0xff,
    0x60,

    /* U+0059 "Y" */
    0x2f, 0xff, 0xff, 0x50, 0x00, 0x00, 0x00, 0x00,
    0x04, 0xff, 0xff, 0xc0, 0x09, 0xff, 0xff, 0xe0,
    0x00, 0x00, 0x00, 0x00, 0x0d, 0xff, 0xff, 0x30,
    0x01, 0xef, 0xff, 0xf8, 0x00, 0x00, 0x00, 0x00,
    0x7f, 0xff, 0xfa, 0x00, 0x00, 0x6f, 0xff, 0xff,
    0x20, 0x00, 0x00, 0x01, 0xff, 0xff, 0xf1, 0x00,
    0x00, 0x0c, 0xff, 0xff, 0xa0, 0x00, 0x00, 0x09,
    0xff, 0xff, 0x70, 0x00, 0x00, 0x03, 0xff, 0xff,
    0xf4, 0x00, 0x00, 0x3f, 0xff, 0xfd, 0x00, 0x00,
    0x00, 0x00, 0xaf, 0xff, 0xfd, 0x00, 0x00, 0xcf,
    0xff, 0xf4, 0x00, 0x00, 0x00, 0x00, 0x1f, 0xff,
    0xff, 0x60, 0x06, 0xff, 0xff, 0xb0, 0x00, 0x00,
    0x00, 0x00, 0x07, 0xff, 0xff, 0xe1, 0x0e, 0xff,
    0xff, 0x20, 0x00, 0x00, 0x00, 0x00, 0x00, 0xdf,
    0xff, 0xf9, 0x9f, 0xff, 0xf8, 0x00, 0x00, 0x00,
    0x00, 0x00, 0x00, 0x4f, 0xff, 0xff, 0xff, 0xff,
    0xe0, 0x00, 0x00, 0x00, 0x00, 0x00, 0x00, 0x0b,
    0xff, 0xff, 0xff, 0xff, 0x50, 0x00, 0x00, 0x00,
    0x00, 0x00, 0x00, 0x02, 0xff, 0xff, 0xff, 0xfc,
    0x00, 0x00, 0x00, 0x00, 0x00, 0x00, 0x00, 0x00,
    0x8f, 0xff, 0xff, 0xf3, 0x00, 0x00, 0x00, 0x00,
    0x00, 0x00, 0x00, 0x00, 0x0e, 0xff, 0xff, 0x90,
    0x00, 0x00, 0x00, 0x00, 0x00, 0x00, 0x00, 0x00,
    0x0c, 0xff, 0xff, 0x60, 0x00, 0x00, 0x00, 0x00,
    0x00, 0x00, 0x00, 0x00, 0x0c, 0xff, 0xff, 0x60,
    0x00, 0x00, 0x00, 0x00, 0x00, 0x00, 0x00, 0x00,
    0x0c, 0xff, 0xff, 0x60, 0x00, 0x00, 0x00, 0x00,
    0x00, 0x00, 0x00, 0x00, 0x0c, 0xff, 0xff, 0x60,
    0x00, 0x00, 0x00, 0x00, 0x00, 0x00, 0x00, 0x00,
    0x0c, 0xff, 0xff, 0x60, 0x00, 0x00, 0x00, 0x00,
    0x00, 0x00, 0x00, 0x00, 0x0c, 0xff, 0xff, 0x60,
    0x00, 0x00, 0x00, 0x00, 0x00, 0x00, 0x00, 0x00,
    0x0c, 0xff, 0xff, 0x60, 0x00, 0x00, 0x00, 0x00,
    0x00, 0x00, 0x00, 0x00, 0x0c, 0xff, 0xff, 0x60,
    0x00, 0x00, 0x00, 0x00,

    /* U+005A "Z" */
    0x8f, 0xff, 0xff, 0xff, 0xff, 0xff, 0xff, 0xff,
    0xff, 0xf5, 0x8f, 0xff, 0xff, 0xff, 0xff, 0xff,
    0xff, 0xff, 0xff, 0xf5, 0x8f, 0xff, 0xff, 0xff,
    0xff, 0xff, 0xff, 0xff, 0xff, 0xf5, 0x8f, 0xff,
    0xff, 0xff, 0xff, 0xff, 0xff, 0xff, 0xff, 0xf3,
    0x25, 0x55, 0x55, 0x55, 0x55, 0x55, 0xdf, 0xff,
    0xff, 0x70, 0x00, 0x00, 0x00, 0x00, 0x00, 0x06,
    0xff, 0xff, 0xfa, 0x00, 0x00, 0x00, 0x00, 0x00,
    0x00, 0x4f, 0xff, 0xff, 0xd0, 0x00, 0x00, 0x00,
    0x00, 0x00, 0x02, 0xef, 0xff, 0xfe, 0x20, 0x00,
    0x00, 0x00, 0x00, 0x00, 0x0d, 0xff, 0xff, 0xf4,
    0x00, 0x00, 0x00, 0x00, 0x00, 0x00, 0xaf, 0xff,
    0xff, 0x60, 0x00, 0x00, 0x00, 0x00, 0x00, 0x07,
    0xff, 0xff, 0xfa, 0x00, 0x00, 0x00, 0x00, 0x00,
    0x00, 0x4f, 0xff, 0xff, 0xc0, 0x00, 0x00, 0x00,
    0x00, 0x00, 0x02, 0xff, 0xff, 0xfe, 0x10, 0x00,
    0x00, 0x00, 0x00, 0x00, 0x0d, 0xff, 0xff, 0xf3,
    0x00, 0x00, 0x00, 0x00, 0x00, 0x00, 0xbf, 0xff,
    0xff, 0x60, 0x00, 0x00, 0x00, 0x00, 0x00, 0x08,
    0xff, 0xff, 0xf9, 0x00, 0x00, 0x00, 0x00, 0x00,
    0x00, 0x5f, 0xff, 0xff, 0xc0, 0x00, 0x00, 0x00,
    0x00, 0x00, 0x02, 0xff, 0xff, 0xfe, 0x10, 0x00,
    0x00, 0x00, 0x00, 0x00, 0x1d, 0xff, 0xff, 0xf9,
    0x55, 0x55, 0x55, 0x55, 0x55, 0x54, 0xaf, 0xff,
    0xff, 0xff, 0xff, 0xff, 0xff, 0xff, 0xff, 0xfc,
    0xcf, 0xff, 0xff, 0xff, 0xff, 0xff, 0xff, 0xff,
    0xff, 0xfc, 0xcf, 0xff, 0xff, 0xff, 0xff, 0xff,
    0xff, 0xff, 0xff, 0xfc, 0xcf, 0xff, 0xff, 0xff,
    0xff, 0xff, 0xff, 0xff, 0xff, 0xfc,

    /* U+005B "[" */
    0x5f, 0xff, 0xff, 0xff, 0xf5, 0x5f, 0xff, 0xff,
    0xff, 0xf5, 0x5f, 0xff, 0xff, 0xff, 0xf5, 0x5f,
    0xff, 0xff, 0xff, 0xf5, 0x5f, 0xff, 0xfa, 0x00,
    0x00, 0x5f, 0xff, 0xfa, 0x00, 0x00, 0x5f, 0xff,
    0xfa, 0x00, 0x00, 0x5f, 0xff, 0xfa, 0x00, 0x00,
    0x5f, 0xff, 0xfa, 0x00, 0x00, 0x5f, 0xff, 0xfa,
    0x00, 0x00, 0x5f, 0xff, 0xfa, 0x00, 0x00, 0x5f,
    0xff, 0xfa, 0x00, 0x00, 0x5f, 0xff, 0xfa, 0x00,
    0x00, 0x5f, 0xff, 0xfa, 0x00, 0x00, 0x5f, 0xff,
    0xfa, 0x00, 0x00, 0x5f, 0xff, 0xfa, 0x00, 0x00,
    0x5f, 0xff, 0xfa, 0x00, 0x00, 0x5f, 0xff, 0xfa,
    0x00, 0x00, 0x5f, 0xff, 0xfa, 0x00, 0x00, 0x5f,
    0xff, 0xfa, 0x00, 0x00, 0x5f, 0xff, 0xfa, 0x00,
    0x00, 0x5f, 0xff, 0xfa, 0x00, 0x00, 0x5f, 0xff,
    0xfa, 0x00, 0x00, 0x5f, 0xff, 0xfa, 0x00, 0x00,
    0x5f, 0xff, 0xfa, 0x00, 0x00, 0x5f, 0xff, 0xfa,
    0x00, 0x00, 0x5f, 0xff, 0xfa, 0x00, 0x00, 0x5f,
    0xff, 0xff, 0xff, 0xf5, 0x5f, 0xff, 0xff, 0xff,
    0xf5, 0x5f, 0xff, 0xff, 0xff, 0xf5, 0x5f, 0xff,
    0xff, 0xff, 0xf5,

    /* U+005C "\\" */
    0x3f, 0xff, 0xf3, 0x00, 0x00, 0x00, 0x00, 0x00,
    0x0d, 0xff, 0xf9, 0x00, 0x00, 0x00, 0x00, 0x00,
    0x08, 0xff, 0xfe, 0x00, 0x00, 0x00, 0x00, 0x00,
    0x02, 0xff, 0xff, 0x40, 0x00, 0x00, 0x00, 0x00,
    0x00, 0xdf, 0xff, 0x90, 0x00, 0x00, 0x00, 0x00,
    0x00, 0x8f, 0xff, 0xe0, 0x00, 0x00, 0x00, 0x00,
    0x00, 0x2f, 0xff, 0xf4, 0x00, 0x00, 0x00, 0x00,
    0x00, 0x0d, 0xff, 0xfa, 0x00, 0x00, 0x00, 0x00,
    0x00, 0x07, 0xff, 0xff, 0x00, 0x00, 0x00, 0x00,
    0x00, 0x02, 0xff, 0xff, 0x40, 0x00, 0x00, 0x00,
    0x00, 0x00, 0xcf, 0xff, 0xa0, 0x00, 0x00, 0x00,
    0x00, 0x00, 0x7f, 0xff, 0xf0, 0x00, 0x00, 0x00,
    0x00, 0x00, 0x1f, 0xff, 0xf5, 0x00, 0x00, 0x00,
    0x00, 0x00, 0x0c, 0xff, 0xfa, 0x00, 0x00, 0x00,
    0x00, 0x00, 0x06, 0xff, 0xff, 0x00, 0x00, 0x00,
    0x00, 0x00, 0x01, 0xff, 0xff, 0x50, 0x00, 0x00,
    0x00, 0x00, 0x00, 0xcf, 0xff, 0xb0, 0x00, 0x00,
    0x00, 0x00, 0x00, 0x6f, 0xff, 0xf0, 0x00, 0x00,
    0x00, 0x00, 0x00, 0x1f, 0xff, 0xf5, 0x00, 0x00,
    0x00, 0x00, 0x00, 0x0b, 0xff, 0xfb, 0x00, 0x00,
    0x00, 0x00, 0x00, 0x06, 0xff, 0xff, 0x10, 0x00,
    0x00, 0x00, 0x00, 0x01, 0xff, 0xff, 0x60, 0x00,
    0x00, 0x00, 0x00, 0x00, 0xbf, 0xff, 0xb0, 0x00,
    0x00, 0x00, 0x00, 0x00, 0x5f, 0xff, 0xf1, 0x00,
    0x00, 0x00, 0x00, 0x00, 0x0f, 0xff, 0xf6, 0x00,
    0x00, 0x00, 0x00, 0x00, 0x0b, 0xff, 0xfc, 0x00,
    0x00, 0x00, 0x00, 0x00, 0x05, 0xff, 0xff, 0x10,
    0x00, 0x00, 0x00, 0x00, 0x00, 0xff, 0xff, 0x60,
    0x00, 0x00, 0x00, 0x00, 0x00, 0xaf, 0xff, 0xc0,
    0x00, 0x00, 0x00, 0x00, 0x00, 0x5f, 0xff, 0xf1,
    0x00, 0x00, 0x00, 0x00, 0x00, 0x0f, 0xff, 0xf7,

    /* U+005D "]" */
    0x8f, 0xff, 0xff, 0xff, 0xf2, 0x8f, 0xff, 0xff,
    0xff, 0xf2, 0x8f, 0xff, 0xff, 0xff, 0xf2, 0x8f,
    0xff, 0xff, 0xff, 0xf2, 0x00, 0x00, 0xef, 0xff,
    0xf2, 0x00, 0x00, 0xef, 0xff, 0xf2, 0x00, 0x00,
    0xef, 0xff, 0xf2, 0x00, 0x00, 0xef, 0xff, 0xf2,
    0x00, 0x00, 0xef, 0xff, 0xf2, 0x00, 0x00, 0xef,
    0xff, 0xf2, 0x00, 0x00, 0xef, 0xff, 0xf2, 0x00,
    0x00, 0xef, 0xff, 0xf2, 0x00, 0x00, 0xef, 0xff,
    0xf2, 0x00, 0x00, 0xef, 0xff, 0xf2, 0x00, 0x00,
    0xef, 0xff, 0xf2, 0x00, 0x00, 0xef, 0xff, 0xf2,
    0x00, 0x00, 0xef, 0xff, 0xf2, 0x00, 0x00, 0xef,
    0xff, 0xf2, 0x00, 0x00, 0xef, 0xff, 0xf2, 0x00,
    0x00, 0xef, 0xff, 0xf2, 0x00, 0x00, 0xef, 0xff,
    0xf2, 0x00, 0x00, 0xef, 0xff, 0xf2, 0x00, 0x00,
    0xef, 0xff, 0xf2, 0x00, 0x00, 0xef, 0xff, 0xf2,
    0x00, 0x00, 0xef, 0xff, 0xf2, 0x00, 0x00, 0xef,
    0xff, 0xf2, 0x00, 0x00, 0xef, 0xff, 0xf2, 0x8f,
    0xff, 0xff, 0xff, 0xf2, 0x8f, 0xff, 0xff, 0xff,
    0xf2, 0x8f, 0xff, 0xff, 0xff, 0xf2, 0x8f, 0xff,
    0xff, 0xff, 0xf2,

    /* U+005E "^" */
    0x00, 0x00, 0x00, 0x9f, 0xff, 0xd0, 0x00, 0x00,
    0x00, 0x00, 0x00, 0x0f, 0xff, 0xff, 0x30, 0x00,
    0x00, 0x00, 0x00, 0x06, 0xff, 0xff, 0xfa, 0x00,
    0x00, 0x00, 0x00, 0x00, 0xdf, 0xff, 0xff, 0xf1,
    0x00, 0x00, 0x00, 0x00, 0x4f, 0xff, 0xaf, 0xff,
    0x70, 0x00, 0x00, 0x00, 0x0a, 0xff, 0xf1, 0xdf,
    0xfd, 0x00, 0x00, 0x00, 0x01, 0xff, 0xfa, 0x07,
    0xff, 0xf4, 0x00, 0x00, 0x00, 0x7f, 0xff, 0x30,
    0x1f, 0xff, 0xb0, 0x00, 0x00, 0x0e, 0xff, 0xd0,
    0x00, 0xaf, 0xff, 0x10, 0x00, 0x05, 0xff, 0xf7,
    0x00, 0x04, 0xff, 0xf8, 0x00, 0x00, 0xbf, 0xff,
    0x10, 0x00, 0x0d, 0xff, 0xe0, 0x00, 0x2f, 0xff,
    0xa0, 0x00, 0x00, 0x7f, 0xff, 0x50, 0x08, 0xff,
    0xf4, 0x00, 0x00, 0x01, 0xff, 0xfc, 0x00, 0xef,
    0xfd, 0x00, 0x00, 0x00, 0x0a, 0xff, 0xf2,

    /* U+005F "_" */
    0xff, 0xff, 0xff, 0xff, 0xff, 0xff, 0xff, 0xff,
    0xff, 0xff, 0xff, 0xff, 0xff, 0xff, 0xff, 0xff,
    0xff, 0xff, 0xff, 0xff, 0xff, 0xff, 0xff, 0xff,

    /* U+0060 "`" */
    0x09, 0xff, 0xff, 0x90, 0x00, 0x00, 0x07, 0xff,
    0xff, 0x70, 0x00, 0x00, 0x05, 0xff, 0xff, 0x50,
    0x00, 0x00, 0x03, 0xef, 0xff, 0x30, 0x00, 0x00,
    0x02, 0xdf, 0xfe, 0x20,

    /* U+0061 "a" */
    0x00, 0x02, 0x7b, 0xdf, 0xfe, 0xc9, 0x30, 0x00,
    0x00, 0x4c, 0xff, 0xff, 0xff, 0xff, 0xff, 0xa1,
    0x00, 0x0e, 0xff, 0xff, 0xff, 0xff, 0xff, 0xff,
    0xc0, 0x00, 0x7f, 0xff, 0xff, 0xff, 0xff, 0xff,
    0xff, 0x80, 0x00, 0xee, 0x95, 0x21, 0x25, 0xdf,
    0xff, 0xff, 0x00, 0x03, 0x00, 0x00, 0x00, 0x01,
    0xdf, 0xff, 0xf4, 0x00, 0x00, 0x00, 0x00, 0x00,
    0x08, 0xff, 0xff, 0x60, 0x00, 0x5a, 0xdf, 0xff,
    0xff, 0xff, 0xff, 0xf8, 0x02, 0xdf, 0xff, 0xff,
    0xff, 0xff, 0xff, 0xff, 0x80, 0xdf, 0xff, 0xff,
    0xff, 0xff, 0xff, 0xff, 0xf8, 0x7f, 0xff, 0xfd,
    0x30, 0x00, 0x07, 0xff, 0xff, 0x8b, 0xff, 0xff,
    0x30, 0x00, 0x00, 0x7f, 0xff, 0xf8, 0xcf, 0xff,
    0xf1, 0x00, 0x00, 0x0b, 0xff, 0xff, 0x8b, 0xff,
    0xff, 0x70, 0x00, 0x08, 0xff, 0xff, 0xf8, 0x6f,
    0xff, 0xff, 0xb8, 0x8d, 0xff, 0xff, 0xff, 0x80,
    0xdf, 0xff, 0xff, 0xff, 0xff, 0xff, 0xff, 0xf8,
    0x02, 0xdf, 0xff, 0xff, 0xff, 0xe5, 0xff, 0xff,
    0x80, 0x00, 0x6b, 0xef, 0xec, 0x81, 0x2f, 0xff,
    0xf8,

    /* U+0062 "b" */
    0x57, 0x77, 0x72, 0x00, 0x00, 0x00, 0x00, 0x00,
    0x00, 0x00, 0xbf, 0xff, 0xf4, 0x00, 0x00, 0x00,
    0x00, 0x00, 0x00, 0x00, 0xbf, 0xff, 0xf4, 0x00,
    0x00, 0x00, 0x00, 0x00, 0x00, 0x00, 0xbf, 0xff,
    0xf4, 0x00, 0x00, 0x00, 0x00, 0x00, 0x00, 0x00,
    0xbf, 0xff, 0xf4, 0x00, 0x00, 0x00, 0x00, 0x00,
    0x00, 0x00, 0xbf, 0xff, 0xf4, 0x00, 0x00, 0x00,
    0x00, 0x00, 0x00, 0x00, 0xbf, 0xff, 0xf4, 0x00,
    0x00, 0x00, 0x00, 0x00, 0x00, 0x00, 0xbf, 0xff,
    0xf4, 0x06, 0xbe, 0xfe, 0xc7, 0x10, 0x00, 0x00,
    0xbf, 0xff, 0xf6, 0xdf, 0xff, 0xff, 0xff, 0xf6,
    0x00, 0x00, 0xbf, 0xff, 0xff, 0xff, 0xff, 0xff,
    0xff, 0xff, 0x90, 0x00, 0xbf, 0xff, 0xff, 0xff,
    0xff, 0xff, 0xff, 0xff, 0xf6, 0x00, 0xbf, 0xff,
    0xff, 0xfb, 0x53, 0x5a, 0xff, 0xff, 0xff, 0x10,
    0xbf, 0xff, 0xff, 0x80, 0x00, 0x00, 0x5f, 0xff,
    0xff, 0x70, 0xbf, 0xff, 0xfc, 0x00, 0x00, 0x00,
    0x09, 0xff, 0xff, 0xc0, 0xbf, 0xff, 0xf6, 0x00,
    0x00, 0x00, 0x03, 0xff, 0xff, 0xf0, 0xbf, 0xff,
    0xf4, 0x00, 0x00, 0x00, 0x00, 0xff, 0xff, 0xf0,
    0xbf, 0xff, 0xf4, 0x00, 0x00, 0x00, 0x00, 0xff,
    0xff, 0xf0, 0xbf, 0xff, 0xf6, 0x00, 0x00, 0x00,
    0x03, 0xff, 0xff, 0xf0, 0xbf, 0xff, 0xfc, 0x00,
    0x00, 0x00, 0x09, 0xff, 0xff, 0xc0, 0xbf, 0xff,
    0xff, 0x80, 0x00, 0x00, 0x5f, 0xff, 0xff, 0x70,
    0xbf, 0xff, 0xff, 0xfc, 0x53, 0x5a, 0xff, 0xff,
    0xff, 0x10, 0xbf, 0xff, 0xff, 0xff, 0xff, 0xff,
    0xff, 0xff, 0xf5, 0x00, 0xbf, 0xff, 0xff, 0xff,
    0xff, 0xff, 0xff, 0xff, 0x90, 0x00, 0xbf, 0xff,
    0xf5, 0xef, 0xff, 0xff, 0xff, 0xf6, 0x00, 0x00,
    0xbf, 0xff, 0xf1, 0x07, 0xce, 0xfe, 0xc7, 0x10,
    0x00, 0x00,

    /* U+0063 "c" */
    0x00, 0x00, 0x03, 0x8c, 0xef, 0xfd, 0x93, 0x00,
    0x00, 0x00, 0x01, 0xbf, 0xff, 0xff, 0xff, 0xff,
    0xb1, 0x00, 0x00, 0x3e, 0xff, 0xff, 0xff, 0xff,
    0xff, 0xfe, 0x10, 0x02, 0xef, 0xff, 0xff, 0xff,
    0xff, 0xff, 0xff, 0xc0, 0x0c, 0xff, 0xff, 0xfb,
    0x53, 0x5b, 0xff, 0xff, 0xe2, 0x4f, 0xff, 0xff,
    0x60, 0x00, 0x00, 0x6f, 0xf7, 0x00, 0xaf, 0xff,
    0xfa, 0x00, 0x00, 0x00, 0x05, 0x10, 0x00, 0xdf,
    0xff, 0xf4, 0x00, 0x00, 0x00, 0x00, 0x00, 0x00,
    0xff, 0xff, 0xf1, 0x00, 0x00, 0x00, 0x00, 0x00,
    0x00, 0xff, 0xff, 0xf1, 0x00, 0x00, 0x00, 0x00,
    0x00, 0x00, 0xdf, 0xff, 0xf4, 0x00, 0x00, 0x00,
    0x00, 0x00, 0x00, 0xaf, 0xff, 0xfa, 0x00, 0x00,
    0x00, 0x05, 0x10, 0x00, 0x4f, 0xff, 0xff, 0x60,
    0x00, 0x00, 0x6f, 0xf7, 0x00, 0x0c, 0xff, 0xff,
    0xfb, 0x53, 0x5a, 0xff, 0xff, 0xe2, 0x02, 0xef,
    0xff, 0xff, 0xff, 0xff, 0xff, 0xff, 0xc0, 0x00,
    0x4e, 0xff, 0xff, 0xff, 0xff, 0xff, 0xfe, 0x10,
    0x00, 0x01, 0xbf, 0xff, 0xff, 0xff, 0xff, 0xb1,
    0x00, 0x00, 0x00, 0x03, 0x9c, 0xff, 0xfd, 0x93,
    0x00, 0x00,

    /* U+0064 "d" */
    0x00, 0x00, 0x00, 0x00, 0x00, 0x00, 0x01, 0x77,
    0x77, 0x60, 0x00, 0x00, 0x00, 0x00, 0x00, 0x00,
    0x2f, 0xff, 0xfd, 0x00, 0x00, 0x00, 0x00, 0x00,
    0x00, 0x02, 0xff, 0xff, 0xd0, 0x00, 0x00, 0x00,
    0x00, 0x00, 0x00, 0x2f, 0xff, 0xfd, 0x00, 0x00,
    0x00, 0x00, 0x00, 0x00, 0x02, 0xff, 0xff, 0xd0,
    0x00, 0x00, 0x00, 0x00, 0x00, 0x00, 0x2f, 0xff,
    0xfd, 0x00, 0x00, 0x00, 0x00, 0x00, 0x00, 0x02,
    0xff, 0xff, 0xd0, 0x00, 0x00, 0x6b, 0xef, 0xec,
    0x70, 0x2f, 0xff, 0xfd, 0x00, 0x04, 0xef, 0xff,
    0xff, 0xff, 0xe5, 0xff, 0xff, 0xd0, 0x07, 0xff,
    0xff, 0xff, 0xff, 0xff, 0xff, 0xff, 0xfd, 0x04,
    0xff, 0xff, 0xff, 0xff, 0xff, 0xff, 0xff, 0xff,
    0xd0, 0xef, 0xff, 0xff, 0xb5, 0x35, 0xaf, 0xff,
    0xff, 0xfd, 0x5f, 0xff, 0xff, 0x70, 0x00, 0x00,
    0x5f, 0xff, 0xff, 0xda, 0xff, 0xff, 0xb0, 0x00,
    0x00, 0x00, 0xaf, 0xff, 0xfd, 0xcf, 0xff, 0xf5,
    0x00, 0x00, 0x00, 0x04, 0xff, 0xff, 0xde, 0xff,
    0xff, 0x20, 0x00, 0x00, 0x00, 0x1f, 0xff, 0xfd,
    0xef, 0xff, 0xf2, 0x00, 0x00, 0x00, 0x01, 0xff,
    0xff, 0xdc, 0xff, 0xff, 0x50, 0x00, 0x00, 0x00,
    0x4f, 0xff, 0xfd, 0x9f, 0xff, 0xfb, 0x00, 0x00,
    0x00, 0x0a, 0xff, 0xff, 0xd5, 0xff, 0xff, 0xf7,
    0x00, 0x00, 0x06, 0xff, 0xff, 0xfd, 0x0e, 0xff,
    0xff, 0xfb, 0x53, 0x5a, 0xff, 0xff, 0xff, 0xd0,
    0x3f, 0xff, 0xff, 0xff, 0xff, 0xff, 0xff, 0xff,
    0xfd, 0x00, 0x6f, 0xff, 0xff, 0xff, 0xff, 0xff,
    0xff, 0xff, 0xd0, 0x00, 0x4e, 0xff, 0xff, 0xff,
    0xff, 0x5e, 0xff, 0xfd, 0x00, 0x00, 0x06, 0xbe,
    0xfe, 0xd8, 0x10, 0xef, 0xff, 0xd0,

    /* U+0065 "e" */
    0x00, 0x00, 0x04, 0xad, 0xff, 0xeb, 0x71, 0x00,
    0x00, 0x00, 0x00, 0x2c, 0xff, 0xff, 0xff, 0xff,
    0xf6, 0x00, 0x00, 0x00, 0x4f, 0xff, 0xff, 0xff,
    0xff, 0xff, 0xfa, 0x00, 0x00, 0x2f, 0xff, 0xff,
    0xff, 0xef, 0xff, 0xff, 0xf8, 0x00, 0x0d, 0xff,
    0xff, 0xb3, 0x00, 0x17, 0xff, 0xff, 0xf3, 0x05,
    0xff, 0xff, 0xb0, 0x00, 0x00, 0x04, 0xff, 0xff,
    0xa0, 0xaf, 0xff, 0xf3, 0x00, 0x00, 0x00, 0x0b,
    0xff, 0xfe, 0x0d, 0xff, 0xff, 0xff, 0xff, 0xff,
    0xff, 0xff, 0xff, 0xf1, 0xff, 0xff, 0xff, 0xff,
    0xff, 0xff, 0xff, 0xff, 0xff, 0x2f, 0xff, 0xff,
    0xff, 0xff, 0xff, 0xff, 0xff, 0xff, 0xf1, 0xdf,
    0xff, 0xf3, 0x00, 0x00, 0x00, 0x00, 0x00, 0x00,
    0x0a, 0xff, 0xff, 0xa0, 0x00, 0x00, 0x00, 0x00,
    0x00, 0x00, 0x4f, 0xff, 0xff, 0x70, 0x00, 0x00,
    0x04, 0xa0, 0x00, 0x00, 0xcf, 0xff, 0xff, 0xb5,
    0x22, 0x5a, 0xff, 0x90, 0x00, 0x02, 0xef, 0xff,
    0xff, 0xff, 0xff, 0xff, 0xff, 0x60, 0x00, 0x03,
    0xef, 0xff, 0xff, 0xff, 0xff, 0xff, 0xf8, 0x00,
    0x00, 0x01, 0xbf, 0xff, 0xff, 0xff, 0xff, 0xe6,
    0x00, 0x00, 0x00, 0x00, 0x38, 0xce, 0xff, 0xdb,
    0x60, 0x00, 0x00,

    /* U+0066 "f" */
    0x00, 0x00, 0x00, 0x7c, 0xef, 0xec, 0x70, 0x00,
    0x00, 0x3e, 0xff, 0xff, 0xff, 0xf2, 0x00, 0x01,
    0xef, 0xff, 0xff, 0xff, 0xd0, 0x00, 0x08, 0xff,
    0xff, 0xff, 0xff, 0x70, 0x00, 0x0e, 0xff, 0xff,
    0x92, 0x15, 0x10, 0x00, 0x0f, 0xff, 0xfe, 0x00,
    0x00, 0x00, 0x00, 0x1f, 0xff, 0xfc, 0x00, 0x00,
    0x00, 0xcf, 0xff, 0xff, 0xff, 0xff, 0xff, 0x30,
    0xcf, 0xff, 0xff, 0xff, 0xff, 0xff, 0x30, 0xcf,
    0xff, 0xff, 0xff, 0xff, 0xff, 0x30, 0xbf, 0xff,
    0xff, 0xff, 0xff, 0xff, 0x20, 0x00, 0x1f, 0xff,
    0xfe, 0x00, 0x00, 0x00, 0x00, 0x1f, 0xff, 0xfe,
    0x00, 0x00, 0x00, 0x00, 0x1f, 0xff, 0xfe, 0x00,
    0x00, 0x00, 0x00, 0x1f, 0xff, 0xfe, 0x00, 0x00,
    0x00, 0x00, 0x1f, 0xff, 0xfe, 0x00, 0x00, 0x00,
    0x00, 0x1f, 0xff, 0xfe, 0x00, 0x00, 0x00, 0x00,
    0x1f, 0xff, 0xfe, 0x00, 0x00, 0x00, 0x00, 0x1f,
    0xff, 0xfe, 0x00, 0x00, 0x00, 0x00, 0x1f, 0xff,
    0xfe, 0x00, 0x00, 0x00, 0x00, 0x1f, 0xff, 0xfe,
    0x00, 0x00, 0x00, 0x00, 0x1f, 0xff, 0xfe, 0x00,
    0x00, 0x00, 0x00, 0x1f, 0xff, 0xfe, 0x00, 0x00,
    0x00, 0x00, 0x1f, 0xff, 0xfe, 0x00, 0x00, 0x00,
    0x00, 0x1f, 0xff, 0xfe, 0x00, 0x00, 0x00,

    /* U+0067 "g" */
    0x00, 0x00, 0x17, 0xce, 0xfe, 0xc8, 0x10, 0xaf,
    0xff, 0xf1, 0x00, 0x06, 0xff, 0xff, 0xff, 0xff,
    0xf6, 0xaf, 0xff, 0xf1, 0x00, 0xaf, 0xff, 0xff,
    0xff, 0xff, 0xff, 0xef, 0xff, 0xf1, 0x08, 0xff,
    0xff, 0xff, 0xff, 0xff, 0xff, 0xff, 0xff, 0xf1,
    0x2f, 0xff, 0xff, 0xfa, 0x53, 0x48, 0xff, 0xff,
    0xff, 0xf1, 0x9f, 0xff, 0xff, 0x30, 0x00, 0x00,
    0x1d, 0xff, 0xff, 0xf1, 0xdf, 0xff, 0xf7, 0x00,
    0x00, 0x00, 0x03, 0xff, 0xff, 0xf1, 0xef, 0xff,
    0xf2, 0x00, 0x00, 0x00, 0x00, 0xef, 0xff, 0xf1,
    0xff, 0xff, 0xf1, 0x00, 0x00, 0x00, 0x00, 0xef,
    0xff, 0xf1, 0xdf, 0xff, 0xf5, 0x00, 0x00, 0x00,
    0x02, 0xff, 0xff, 0xf1, 0xaf, 0xff, 0xfd, 0x10,
    0x00, 0x00, 0x0b, 0xff, 0xff, 0xf1, 0x4f, 0xff,
    0xff, 0xe6, 0x10, 0x15, 0xcf, 0xff, 0xff, 0xf1,
    0x0b, 0xff, 0xff, 0xff, 0xff, 0xff, 0xff, 0xff,
    0xff, 0xf1, 0x00, 0xdf, 0xff, 0xff, 0xff, 0xff,
    0xff, 0xff, 0xff, 0xf1, 0x00, 0x1a, 0xff, 0xff,
    0xff, 0xff, 0xf8, 0xef, 0xff, 0xf0, 0x00, 0x00,
    0x4a, 0xff, 0xff, 0xfb, 0x40, 0xff, 0xff, 0xf0,
    0x00, 0x00, 0x00, 0x01, 0x32, 0x00, 0x01, 0xff,
    0xff, 0xe0, 0x00, 0x00, 0x00, 0x00, 0x00, 0x00,
    0x06, 0xff, 0xff, 0xb0, 0x00, 0x7d, 0x40, 0x00,
    0x00, 0x00, 0x2e, 0xff, 0xff, 0x70, 0x00, 0xef,
    0xfc, 0x74, 0x22, 0x48, 0xff, 0xff, 0xff, 0x10,
    0x08, 0xff, 0xff, 0xff, 0xff, 0xff, 0xff, 0xff,
    0xf8, 0x00, 0x0c, 0xff, 0xff, 0xff, 0xff, 0xff,
    0xff, 0xff, 0xa0, 0x00, 0x00, 0x8e, 0xff, 0xff,
    0xff, 0xff, 0xff, 0xf7, 0x00, 0x00, 0x00, 0x00,
    0x48, 0xbe, 0xff, 0xed, 0xa6, 0x00, 0x00, 0x00,

    /* U+0068 "h" */
    0x57, 0x77, 0x72, 0x00, 0x00, 0x00, 0x00, 0x00,
    0x00, 0xbf, 0xff, 0xf4, 0x00, 0x00, 0x00, 0x00,
    0x00, 0x00, 0xbf, 0xff, 0xf4, 0x00, 0x00, 0x00,
    0x00, 0x00, 0x00, 0xbf, 0xff, 0xf4, 0x00, 0x00,
    0x00, 0x00, 0x00, 0x00, 0xbf, 0xff, 0xf4, 0x00,
    0x00, 0x00, 0x00, 0x00, 0x00, 0xbf, 0xff, 0xf4,
    0x00, 0x00, 0x00, 0x00, 0x00, 0x00, 0xbf, 0xff,
    0xf4, 0x00, 0x00, 0x00, 0x00, 0x00, 0x00, 0xbf,
    0xff, 0xf4, 0x05, 0xae, 0xfe, 0xc7, 0x10, 0x00,
    0xbf, 0xff, 0xf6, 0xcf, 0xff, 0xff, 0xff, 0xf5,
    0x00, 0xbf, 0xff, 0xff, 0xff, 0xff, 0xff, 0xff,
    0xff, 0x40, 0xbf, 0xff, 0xff, 0xff, 0xff, 0xff,
    0xff, 0xff, 0xe0, 0xbf, 0xff, 0xff, 0xfe, 0x97,
    0x9f, 0xff, 0xff, 0xf5, 0xbf, 0xff, 0xff, 0x90,
    0x00, 0x02, 0xef, 0xff, 0xfa, 0xbf, 0xff, 0xfd,
    0x00, 0x00, 0x00, 0x7f, 0xff, 0xfc, 0xbf, 0xff,
    0xf8, 0x00, 0x00, 0x00, 0x3f, 0xff, 0xfd, 0xbf,
    0xff, 0xf5, 0x00, 0x00, 0x00, 0x1f, 0xff, 0xfe,
    0xbf, 0xff, 0xf4, 0x00, 0x00, 0x00, 0x1f, 0xff,
    0xfe, 0xbf, 0xff, 0xf4, 0x00, 0x00, 0x00, 0x1f,
    0xff, 0xfe, 0xbf, 0xff, 0xf4, 0x00, 0x00, 0x00,
    0x1f, 0xff, 0xfe, 0xbf, 0xff, 0xf4, 0x00, 0x00,
    0x00, 0x1f, 0xff, 0xfe, 0xbf, 0xff, 0xf4, 0x00,
    0x00, 0x00, 0x1f, 0xff, 0xfe, 0xbf, 0xff, 0xf4,
    0x00, 0x00, 0x00, 0x1f, 0xff, 0xfe, 0xbf, 0xff,
    0xf4, 0x00, 0x00, 0x00, 0x1f, 0xff, 0xfe, 0xbf,
    0xff, 0xf4, 0x00, 0x00, 0x00, 0x1f, 0xff, 0xfe,
    0xbf, 0xff, 0xf4, 0x00, 0x00, 0x00, 0x1f, 0xff,
    0xfe,

    /* U+0069 "i" */
    0x02, 0xbf, 0xe8, 0x00, 0xdf, 0xff, 0xf8, 0x3f,
    0xff, 0xff, 0xd2, 0xff, 0xff, 0xfc, 0x0b, 0xff,
    0xff, 0x50, 0x07, 0xa9, 0x40, 0x00, 0x00, 0x00,
    0x00, 0x00, 0x00, 0x00, 0x0b, 0xff, 0xff, 0x40,
    0xbf, 0xff, 0xf4, 0x0b, 0xff, 0xff, 0x40, 0xbf,
    0xff, 0xf4, 0x0b, 0xff, 0xff, 0x40, 0xbf, 0xff,
    0xf4, 0x0b, 0xff, 0xff, 0x40, 0xbf, 0xff, 0xf4,
    0x0b, 0xff, 0xff, 0x40, 0xbf, 0xff, 0xf4, 0x0b,
    0xff, 0xff, 0x40, 0xbf, 0xff, 0xf4, 0x0b, 0xff,
    0xff, 0x40, 0xbf, 0xff, 0xf4, 0x0b, 0xff, 0xff,
    0x40, 0xbf, 0xff, 0xf4, 0x0b, 0xff, 0xff, 0x40,
    0xbf, 0xff, 0xf4,

    /* U+006A "j" */
    0x00, 0x00, 0x00, 0x5a, 0xa6, 0x00, 0x00, 0x00,
    0x07, 0xff, 0xff, 0x90, 0x00, 0x00, 0x0f, 0xff,
    0xff, 0xf0, 0x00, 0x00, 0x0f, 0xff, 0xff, 0xf0,
    0x00, 0x00, 0x0a, 0xff, 0xff, 0xb0, 0x00, 0x00,
    0x01, 0x9e, 0xea, 0x10, 0x00, 0x00, 0x00, 0x00,
    0x00, 0x00, 0x00, 0x00, 0x00, 0x00, 0x00, 0x00,
    0x00, 0x00, 0x00, 0x00, 0x00, 0x00, 0x00, 0x00,
    0x07, 0xff, 0xff, 0x80, 0x00, 0x00, 0x07, 0xff,
    0xff, 0x80, 0x00, 0x00, 0x07, 0xff, 0xff, 0x80,
    0x00, 0x00, 0x07, 0xff, 0xff, 0x80, 0x00, 0x00,
    0x07, 0xff, 0xff, 0x80, 0x00, 0x00, 0x07, 0xff,
    0xff, 0x80, 0x00, 0x00, 0x07, 0xff, 0xff, 0x80,
    0x00, 0x00, 0x07, 0xff, 0xff, 0x80, 0x00, 0x00,
    0x07, 0xff, 0xff, 0x80, 0x00, 0x00, 0x07, 0xff,
    0xff, 0x80, 0x00, 0x00, 0x07, 0xff, 0xff, 0x80,
    0x00, 0x00, 0x07, 0xff, 0xff, 0x80, 0x00, 0x00,
    0x07, 0xff, 0xff, 0x80, 0x00, 0x00, 0x07, 0xff,
    0xff, 0x80, 0x00, 0x00, 0x07, 0xff, 0xff, 0x80,
    0x00, 0x00, 0x07, 0xff, 0xff, 0x80, 0x00, 0x00,
    0x07, 0xff, 0xff, 0x80, 0x00, 0x00, 0x07, 0xff,
    0xff, 0x80, 0x00, 0x00, 0x0a, 0xff, 0xff, 0x60,
    0x06, 0x31, 0x6f, 0xff, 0xff, 0x30, 0x1f, 0xff,
    0xff, 0xff, 0xfe, 0x00, 0x6f, 0xff, 0xff, 0xff,
    0xf5, 0x00, 0xcf, 0xff, 0xff, 0xff, 0x70, 0x00,
    0x4a, 0xdf, 0xfd, 0x93, 0x00, 0x00,

    /* U+006B "k" */
    0x57, 0x77, 0x72, 0x00, 0x00, 0x00, 0x00, 0x00,
    0x00, 0x00, 0xbf, 0xff, 0xf4, 0x00, 0x00, 0x00,
    0x00, 0x00, 0x00, 0x00, 0xbf, 0xff, 0xf4, 0x00,
    0x00, 0x00, 0x00, 0x00, 0x00, 0x00, 0xbf, 0xff,
    0xf4, 0x00, 0x00, 0x00, 0x00, 0x00, 0x00, 0x00,
    0xbf, 0xff, 0xf4, 0x00, 0x00, 0x00, 0x00, 0x00,
    0x00, 0x00, 0xbf, 0xff, 0xf4, 0x00, 0x00, 0x00,
    0x00, 0x00, 0x00, 0x00, 0xbf, 0xff, 0xf4, 0x00,
    0x00, 0x00, 0x00, 0x00, 0x00, 0x00, 0xbf, 0xff,
    0xf4, 0x00, 0x00, 0x01, 0xdf, 0xff, 0xfe, 0x20,
    0xbf, 0xff, 0xf4, 0x00, 0x00, 0x1d, 0xff, 0xff,
    0xf3, 0x00, 0xbf, 0xff, 0xf4, 0x00, 0x01, 0xdf,
    0xff, 0xff, 0x30, 0x00, 0xbf, 0xff, 0xf4, 0x00,
    0x1d, 0xff, 0xff, 0xf4, 0x00, 0x00, 0xbf, 0xff,
    0xf4, 0x01, 0xdf, 0xff, 0xff, 0x50, 0x00, 0x00,
    0xbf, 0xff, 0xf4, 0x1d, 0xff, 0xff, 0xf6, 0x00,
    0x00, 0x00, 0xbf, 0xff, 0xf6, 0xef, 0xff, 0xff,
    0x60, 0x00, 0x00, 0x00, 0xbf, 0xff, 0xff, 0xff,
    0xff, 0xf9, 0x00, 0x00, 0x00, 0x00, 0xbf, 0xff,
    0xff, 0xff, 0xff, 0xfe, 0x10, 0x00, 0x00, 0x00,
    0xbf, 0xff, 0xff, 0xff, 0xff, 0xff, 0xc0, 0x00,
    0x00, 0x00, 0xbf, 0xff, 0xff, 0xff, 0xff, 0xff,
    0xf8, 0x00, 0x00, 0x00, 0xbf, 0xff, 0xff, 0xf4,
    0xdf, 0xff, 0xff, 0x40, 0x00, 0x00, 0xbf, 0xff,
    0xff, 0x40, 0x2f, 0xff, 0xff, 0xe1, 0x00, 0x00,
    0xbf, 0xff, 0xf6, 0x00, 0x05, 0xff, 0xff, 0xfc,
    0x00, 0x00, 0xbf, 0xff, 0xf4, 0x00, 0x00, 0x8f,
    0xff, 0xff, 0x80, 0x00, 0xbf, 0xff, 0xf4, 0x00,
    0x00, 0x0c, 0xff, 0xff, 0xf4, 0x00, 0xbf, 0xff,
    0xf4, 0x00, 0x00, 0x01, 0xef, 0xff, 0xfe, 0x10,
    0xbf, 0xff, 0xf4, 0x00, 0x00, 0x00, 0x4f, 0xff,
    0xff, 0xc0,

    /* U+006C "l" */
    0x57, 0x77, 0x72, 0xbf, 0xff, 0xf4, 0xbf, 0xff,
    0xf4, 0xbf, 0xff, 0xf4, 0xbf, 0xff, 0xf4, 0xbf,
    0xff, 0xf4, 0xbf, 0xff, 0xf4, 0xbf, 0xff, 0xf4,
    0xbf, 0xff, 0xf4, 0xbf, 0xff, 0xf4, 0xbf, 0xff,
    0xf4, 0xbf, 0xff, 0xf4, 0xbf, 0xff, 0xf4, 0xbf,
    0xff, 0xf4, 0xbf, 0xff, 0xf4, 0xbf, 0xff, 0xf4,
    0xbf, 0xff, 0xf4, 0xbf, 0xff, 0xf4, 0xbf, 0xff,
    0xf4, 0xbf, 0xff, 0xf4, 0xbf, 0xff, 0xf4, 0xbf,
    0xff, 0xf4, 0xbf, 0xff, 0xf4, 0xbf, 0xff, 0xf4,
    0xbf, 0xff, 0xf4,

    /* U+006D "m" */
    0xbf, 0xff, 0xf1, 0x07, 0xbe, 0xfe, 0xb5, 0x00,
    0x00, 0x17, 0xce, 0xfe, 0xb5, 0x00, 0x00, 0xbf,
    0xff, 0xf4, 0xef, 0xff, 0xff, 0xff, 0xc1, 0x07,
    0xff, 0xff, 0xff, 0xff, 0xc1, 0x00, 0xbf, 0xff,
    0xff, 0xff, 0xff, 0xff, 0xff, 0xfd, 0x9f, 0xff,
    0xff, 0xff, 0xff, 0xfc, 0x00, 0xbf, 0xff, 0xff,
    0xff, 0xff, 0xff, 0xff, 0xff, 0xff, 0xff, 0xff,
    0xff, 0xff, 0xff, 0x70, 0xbf, 0xff, 0xff, 0xfc,
    0x87, 0xcf, 0xff, 0xff, 0xff, 0xfc, 0x87, 0xcf,
    0xff, 0xff, 0xd0, 0xbf, 0xff, 0xff, 0x70, 0x00,
    0x08, 0xff, 0xff, 0xff, 0x80, 0x00, 0x08, 0xff,
    0xff, 0xf2, 0xbf, 0xff, 0xfc, 0x00, 0x00, 0x00,
    0xff, 0xff, 0xfc, 0x00, 0x00, 0x00, 0xef, 0xff,
    0xf4, 0xbf, 0xff, 0xf7, 0x00, 0x00, 0x00, 0xbf,
    0xff, 0xf7, 0x00, 0x00, 0x00, 0xbf, 0xff, 0xf5,
    0xbf, 0xff, 0xf5, 0x00, 0x00, 0x00, 0xaf, 0xff,
    0xf5, 0x00, 0x00, 0x00, 0x9f, 0xff, 0xf6, 0xbf,
    0xff, 0xf4, 0x00, 0x00, 0x00, 0xaf, 0xff, 0xf5,
    0x00, 0x00, 0x00, 0x9f, 0xff, 0xf6, 0xbf, 0xff,
    0xf4, 0x00, 0x00, 0x00, 0xaf, 0xff, 0xf5, 0x00,
    0x00, 0x00, 0x9f, 0xff, 0xf6, 0xbf, 0xff, 0xf4,
    0x00, 0x00, 0x00, 0xaf, 0xff, 0xf5, 0x00, 0x00,
    0x00, 0x9f, 0xff, 0xf6, 0xbf, 0xff, 0xf4, 0x00,
    0x00, 0x00, 0xaf, 0xff, 0xf5, 0x00, 0x00, 0x00,
    0x9f, 0xff, 0xf6, 0xbf, 0xff, 0xf4, 0x00, 0x00,
    0x00, 0xaf, 0xff, 0xf5, 0x00, 0x00, 0x00, 0x9f,
    0xff, 0xf6, 0xbf, 0xff, 0xf4, 0x00, 0x00, 0x00,
    0xaf, 0xff, 0xf5, 0x00, 0x00, 0x00, 0x9f, 0xff,
    0xf6, 0xbf, 0xff, 0xf4, 0x00, 0x00, 0x00, 0xaf,
    0xff, 0xf5, 0x00, 0x00, 0x00, 0x9f, 0xff, 0xf6,
    0xbf, 0xff, 0xf4, 0x00, 0x00, 0x00, 0xaf, 0xff,
    0xf5, 0x00, 0x00, 0x00, 0x9f, 0xff, 0xf6, 0xbf,
    0xff, 0xf4, 0x00, 0x00, 0x00, 0xaf, 0xff, 0xf5,
    0x00, 0x00, 0x00, 0x9f, 0xff, 0xf6,

    /* U+006E "n" */
    0xbf, 0xff, 0xf1, 0x06, 0xbe, 0xfe, 0xc7, 0x10,
    0x00, 0xbf, 0xff, 0xf4, 0xdf, 0xff, 0xff, 0xff,
    0xf5, 0x00, 0xbf, 0xff, 0xff, 0xff, 0xff, 0xff,
    0xff, 0xff, 0x40, 0xbf, 0xff, 0xff, 0xff, 0xff,
    0xff, 0xff, 0xff, 0xe0, 0xbf, 0xff, 0xff, 0xfe,
    0x97, 0x9f, 0xff, 0xff, 0xf5, 0xbf, 0xff, 0xff,
    0x90, 0x00, 0x02, 0xef, 0xff, 0xfa, 0xbf, 0xff,
    0xfd, 0x00, 0x00, 0x00, 0x7f, 0xff, 0xfc, 0xbf,
    0xff, 0xf8, 0x00, 0x00, 0x00, 0x3f, 0xff, 0xfd,
    0xbf, 0xff, 0xf5, 0x00, 0x00, 0x00, 0x1f, 0xff,
    0xfe, 0xbf, 0xff, 0xf4, 0x00, 0x00, 0x00, 0x1f,
    0xff, 0xfe, 0xbf, 0xff, 0xf4, 0x00, 0x00, 0x00,
    0x1f, 0xff, 0xfe, 0xbf, 0xff, 0xf4, 0x00, 0x00,
    0x00, 0x1f, 0xff, 0xfe, 0xbf, 0xff, 0xf4, 0x00,
    0x00, 0x00, 0x1f, 0xff, 0xfe, 0xbf, 0xff, 0xf4,
    0x00, 0x00, 0x00, 0x1f, 0xff, 0xfe, 0xbf, 0xff,
    0xf4, 0x00, 0x00, 0x00, 0x1f, 0xff, 0xfe, 0xbf,
    0xff, 0xf4, 0x00, 0x00, 0x00, 0x1f, 0xff, 0xfe,
    0xbf, 0xff, 0xf4, 0x00, 0x00, 0x00, 0x1f, 0xff,
    0xfe, 0xbf, 0xff, 0xf4, 0x00, 0x00, 0x00, 0x1f,
    0xff, 0xfe,

    /* U+006F "o" */
    0x00, 0x00, 0x03, 0x9c, 0xff, 0xfc, 0x93, 0x00,
    0x00, 0x00, 0x00, 0x1b, 0xff, 0xff, 0xff, 0xff,
    0xfb, 0x10, 0x00, 0x00, 0x4e, 0xff, 0xff, 0xff,
    0xff, 0xff, 0xfe, 0x30, 0x00, 0x2e, 0xff, 0xff,
    0xff, 0xff, 0xff, 0xff, 0xfe, 0x10, 0x0c, 0xff,
    0xff, 0xfa, 0x53, 0x5b, 0xff, 0xff, 0xfc, 0x04,
    0xff, 0xff, 0xf6, 0x00, 0x00, 0x06, 0xff, 0xff,
    0xf4, 0xaf, 0xff, 0xfa, 0x00, 0x00, 0x00, 0x0b,
    0xff, 0xff, 0x9d, 0xff, 0xff, 0x40, 0x00, 0x00,
    0x00, 0x5f, 0xff, 0xfc, 0xff, 0xff, 0xf1, 0x00,
    0x00, 0x00, 0x02, 0xff, 0xff, 0xef, 0xff, 0xff,
    0x10, 0x00, 0x00, 0x00, 0x2f, 0xff, 0xfe, 0xdf,
    0xff, 0xf4, 0x00, 0x00, 0x00, 0x05, 0xff, 0xff,
    0xca, 0xff, 0xff, 0xa0, 0x00, 0x00, 0x00, 0xbf,
    0xff, 0xf9, 0x4f, 0xff, 0xff, 0x60, 0x00, 0x00,
    0x7f, 0xff, 0xff, 0x40, 0xcf, 0xff, 0xff, 0xa5,
    0x35, 0xbf, 0xff, 0xff, 0xc0, 0x02, 0xef, 0xff,
    0xff, 0xff, 0xff, 0xff, 0xff, 0xe1, 0x00, 0x04,
    0xef, 0xff, 0xff, 0xff, 0xff, 0xff, 0xe3, 0x00,
    0x00, 0x01, 0xbf, 0xff, 0xff, 0xff, 0xff, 0xb1,
    0x00, 0x00, 0x00, 0x00, 0x39, 0xdf, 0xff, 0xd9,
    0x30, 0x00, 0x00,

    /* U+0070 "p" */
    0xbf, 0xff, 0xf1, 0x17, 0xce, 0xfe, 0xc7, 0x10,
    0x00, 0x00, 0xbf, 0xff, 0xf5, 0xef, 0xff, 0xff,
    0xff, 0xf5, 0x00, 0x00, 0xbf, 0xff, 0xff, 0xff,
    0xff, 0xff, 0xff, 0xff, 0x80, 0x00, 0xbf, 0xff,
    0xff, 0xff, 0xff, 0xff, 0xff, 0xff, 0xf5, 0x00,
    0xbf, 0xff, 0xff, 0xfc, 0x53, 0x5a, 0xff, 0xff,
    0xff, 0x10, 0xbf, 0xff, 0xff, 0x80, 0x00, 0x00,
    0x5f, 0xff, 0xff, 0x70, 0xbf, 0xff, 0xfc, 0x00,
    0x00, 0x00, 0x09, 0xff, 0xff, 0xc0, 0xbf, 0xff,
    0xf6, 0x00, 0x00, 0x00, 0x03, 0xff, 0xff, 0xf0,
    0xbf, 0xff, 0xf4, 0x00, 0x00, 0x00, 0x00, 0xff,
    0xff, 0xf0, 0xbf, 0xff, 0xf4, 0x00, 0x00, 0x00,
    0x00, 0xff, 0xff, 0xf0, 0xbf, 0xff, 0xf6, 0x00,
    0x00, 0x00, 0x03, 0xff, 0xff, 0xf0, 0xbf, 0xff,
    0xfc, 0x00, 0x00, 0x00, 0x08, 0xff, 0xff, 0xc0,
    0xbf, 0xff, 0xff, 0x80, 0x00, 0x00, 0x5f, 0xff,
    0xff, 0x70, 0xbf, 0xff, 0xff, 0xfb, 0x53, 0x5a,
    0xff, 0xff, 0xff, 0x10, 0xbf, 0xff, 0xff, 0xff,
    0xff, 0xff, 0xff, 0xff, 0xf6, 0x00, 0xbf, 0xff,
    0xff, 0xff, 0xff, 0xff, 0xff, 0xff, 0x90, 0x00,
    0xbf, 0xff, 0xf6, 0xdf, 0xff, 0xff, 0xff, 0xf6,
    0x00, 0x00, 0xbf, 0xff, 0xf4, 0x06, 0xbe, 0xfe,
    0xc7, 0x10, 0x00, 0x00, 0xbf, 0xff, 0xf4, 0x00,
    0x00, 0x00, 0x00, 0x00, 0x00, 0x00, 0xbf, 0xff,
    0xf4, 0x00, 0x00, 0x00, 0x00, 0x00, 0x00, 0x00,
    0xbf, 0xff, 0xf4, 0x00, 0x00, 0x00, 0x00, 0x00,
    0x00, 0x00, 0xbf, 0xff, 0xf4, 0x00, 0x00, 0x00,
    0x00, 0x00, 0x00, 0x00, 0xbf, 0xff, 0xf4, 0x00,
    0x00, 0x00, 0x00, 0x00, 0x00, 0x00, 0xbf, 0xff,
    0xf4, 0x00, 0x00, 0x00, 0x00, 0x00, 0x00, 0x00,

    /* U+0071 "q" */
    0x00, 0x00, 0x07, 0xbe, 0xfe, 0xc8, 0x10, 0xff,
    0xff, 0xc0, 0x00, 0x4e, 0xff, 0xff, 0xff, 0xff,
    0x5f, 0xff, 0xfc, 0x00, 0x7f, 0xff, 0xff, 0xff,
    0xff, 0xff, 0xff, 0xff, 0xc0, 0x4f, 0xff, 0xff,
    0xff, 0xff, 0xff, 0xff, 0xff, 0xfc, 0x0e, 0xff,
    0xff, 0xfb, 0x53, 0x5b, 0xff, 0xff, 0xff, 0xc6,
    0xff, 0xff, 0xf6, 0x00, 0x00, 0x07, 0xff, 0xff,
    0xfc, 0xaf, 0xff, 0xfa, 0x00, 0x00, 0x00, 0x0b,
    0xff, 0xff, 0xcd, 0xff, 0xff, 0x40, 0x00, 0x00,
    0x00, 0x5f, 0xff, 0xfc, 0xff, 0xff, 0xf1, 0x00,
    0x00, 0x00, 0x02, 0xff, 0xff, 0xcf, 0xff, 0xff,
    0x10, 0x00, 0x00, 0x00, 0x2f, 0xff, 0xfc, 0xdf,
    0xff, 0xf4, 0x00, 0x00, 0x00, 0x05, 0xff, 0xff,
    0xcb, 0xff, 0xff, 0xa0, 0x00, 0x00, 0x00, 0xaf,
    0xff, 0xfc, 0x6f, 0xff, 0xff, 0x60, 0x00, 0x00,
    0x6f, 0xff, 0xff, 0xc0, 0xef, 0xff, 0xff, 0xa5,
    0x35, 0xbf, 0xff, 0xff, 0xfc, 0x04, 0xff, 0xff,
    0xff, 0xff, 0xff, 0xff, 0xff, 0xff, 0xc0, 0x07,
    0xff, 0xff, 0xff, 0xff, 0xff, 0xff, 0xff, 0xfc,
    0x00, 0x05, 0xef, 0xff, 0xff, 0xff, 0xe6, 0xff,
    0xff, 0xc0, 0x00, 0x01, 0x7c, 0xef, 0xec, 0x70,
    0x3f, 0xff, 0xfc, 0x00, 0x00, 0x00, 0x00, 0x00,
    0x00, 0x03, 0xff, 0xff, 0xc0, 0x00, 0x00, 0x00,
    0x00, 0x00, 0x00, 0x3f, 0xff, 0xfc, 0x00, 0x00,
    0x00, 0x00, 0x00, 0x00, 0x03, 0xff, 0xff, 0xc0,
    0x00, 0x00, 0x00, 0x00, 0x00, 0x00, 0x3f, 0xff,
    0xfc, 0x00, 0x00, 0x00, 0x00, 0x00, 0x00, 0x03,
    0xff, 0xff, 0xc0, 0x00, 0x00, 0x00, 0x00, 0x00,
    0x00, 0x3f, 0xff, 0xfc,

    /* U+0072 "r" */
    0xbf, 0xff, 0xf1, 0x05, 0xae, 0xfb, 0xff, 0xff,
    0x3c, 0xff, 0xff, 0xbf, 0xff, 0xfe, 0xff, 0xff,
    0xfb, 0xff, 0xff, 0xff, 0xff, 0xff, 0xbf, 0xff,
    0xff, 0xff, 0xdb, 0xbb, 0xff, 0xff, 0xfd, 0x30,
    0x00, 0xbf, 0xff, 0xff, 0x20, 0x00, 0x0b, 0xff,
    0xff, 0x90, 0x00, 0x00, 0xbf, 0xff, 0xf6, 0x00,
    0x00, 0x0b, 0xff, 0xff, 0x40, 0x00, 0x00, 0xbf,
    0xff, 0xf4, 0x00, 0x00, 0x0b, 0xff, 0xff, 0x40,
    0x00, 0x00, 0xbf, 0xff, 0xf4, 0x00, 0x00, 0x0b,
    0xff, 0xff, 0x40, 0x00, 0x00, 0xbf, 0xff, 0xf4,
    0x00, 0x00, 0x0b, 0xff, 0xff, 0x40, 0x00, 0x00,
    0xbf, 0xff, 0xf4, 0x00, 0x00, 0x0b, 0xff, 0xff,
    0x40, 0x00, 0x00,

    /* U+0073 "s" */
    0x00, 0x00, 0x28, 0xce, 0xff, 0xec, 0x95, 0x00,
    0x00, 0x00, 0x9f, 0xff, 0xff, 0xff, 0xff, 0xfe,
    0x50, 0x00, 0xcf, 0xff, 0xff, 0xff, 0xff, 0xff,
    0xf3, 0x00, 0x6f, 0xff, 0xff, 0xfe, 0xef, 0xff,
    0xfb, 0x00, 0x0c, 0xff, 0xff, 0x70, 0x00, 0x03,
    0x7e, 0x40, 0x00, 0xef, 0xff, 0xe0, 0x00, 0x00,
    0x00, 0x00, 0x00, 0x0d, 0xff, 0xff, 0x81, 0x00,
    0x00, 0x00, 0x00, 0x00, 0x9f, 0xff, 0xff, 0xfe,
    0xb8, 0x51, 0x00, 0x00, 0x01, 0xef, 0xff, 0xff,
    0xff, 0xff, 0xfb, 0x20, 0x00, 0x02, 0xbf, 0xff,
    0xff, 0xff, 0xff, 0xff, 0x30, 0x00, 0x00, 0x26,
    0x9c, 0xff, 0xff, 0xff, 0xfd, 0x00, 0x00, 0x00,
    0x00, 0x00, 0x27, 0xff, 0xff, 0xf1, 0x00, 0x50,
    0x00, 0x00, 0x00, 0x09, 0xff, 0xff, 0x30, 0x3f,
    0xe8, 0x30, 0x00, 0x03, 0xef, 0xff, 0xf1, 0x0a,
    0xff, 0xff, 0xff, 0xef, 0xff, 0xff, 0xfb, 0x01,
    0xff, 0xff, 0xff, 0xff, 0xff, 0xff, 0xfe, 0x20,
    0x18, 0xff, 0xff, 0xff, 0xff, 0xff, 0xfc, 0x20,
    0x00, 0x00, 0x59, 0xce, 0xff, 0xec, 0x94, 0x00,
    0x00,

    /* U+0074 "t" */
    0x00, 0x1f, 0xff, 0xfe, 0x00, 0x00, 0x00, 0x00,
    0x1f, 0xff, 0xfe, 0x00, 0x00, 0x00, 0x00, 0x1f,
    0xff, 0xfe, 0x00, 0x00, 0x00, 0x00, 0x1f, 0xff,
    0xfe, 0x00, 0x00, 0x00, 0xcf, 0xff, 0xff, 0xff,
    0xff, 0xff, 0x30, 0xcf, 0xff, 0xff, 0xff, 0xff,
    0xff, 0x30, 0xcf, 0xff, 0xff, 0xff, 0xff, 0xff,
    0x30, 0xbf, 0xff, 0xff, 0xff, 0xff, 0xff, 0x20,
    0x00, 0x1f, 0xff, 0xfe, 0x00, 0x00, 0x00, 0x00,
    0x1f, 0xff, 0xfe, 0x00, 0x00, 0x00, 0x00, 0x1f,
    0xff, 0xfe, 0x00, 0x00, 0x00, 0x00, 0x1f, 0xff,
    0xfe, 0x00, 0x00, 0x00, 0x00, 0x1f, 0xff, 0xfe,
    0x00, 0x00, 0x00, 0x00, 0x1f, 0xff, 0xfe, 0x00,
    0x00, 0x00, 0x00, 0x1f, 0xff, 0xfe, 0x00, 0x00,
    0x00, 0x00, 0x1f, 0xff, 0xfe, 0x00, 0x00, 0x00,
    0x00, 0x0f, 0xff, 0xff, 0x10, 0x00, 0x00, 0x00,
    0x0e, 0xff, 0xff, 0xb3, 0x27, 0x20, 0x00, 0x09,
    0xff, 0xff, 0xff, 0xff, 0x80, 0x00, 0x02, 0xff,
    0xff, 0xff, 0xff, 0xe0, 0x00, 0x00, 0x4f, 0xff,
    0xff, 0xff, 0xf3, 0x00, 0x00, 0x01, 0x8c, 0xff,
    0xeb, 0x50,

    /* U+0075 "u" */
    0xcf, 0xff, 0xf3, 0x00, 0x00, 0x00, 0x5f, 0xff,
    0xfa, 0xcf, 0xff, 0xf3, 0x00, 0x00, 0x00, 0x5f,
    0xff, 0xfa, 0xcf, 0xff, 0xf3, 0x00, 0x00, 0x00,
    0x5f, 0xff, 0xfa, 0xcf, 0xff, 0xf3, 0x00, 0x00,
    0x00, 0x5f, 0xff, 0xfa, 0xcf, 0xff, 0xf3, 0x00,
    0x00, 0x00, 0x5f, 0xff, 0xfa, 0xcf, 0xff, 0xf3,
    0x00, 0x00, 0x00, 0x5f, 0xff, 0xfa, 0xcf, 0xff,
    0xf3, 0x00, 0x00, 0x00, 0x5f, 0xff, 0xfa, 0xcf,
    0xff, 0xf3, 0x00, 0x00, 0x00, 0x5f, 0xff, 0xfa,
    0xcf, 0xff, 0xf3, 0x00, 0x00, 0x00, 0x5f, 0xff,
    0xfa, 0xcf, 0xff, 0xf3, 0x00, 0x00, 0x00, 0x6f,
    0xff, 0xfa, 0xcf, 0xff, 0xf4, 0x00, 0x00, 0x00,
    0x8f, 0xff, 0xfa, 0xaf, 0xff, 0xf8, 0x00, 0x00,
    0x00, 0xef, 0xff, 0xfa, 0x8f, 0xff, 0xff, 0x20,
    0x00, 0x0a, 0xff, 0xff, 0xfa, 0x3f, 0xff, 0xff,
    0xfa, 0x78, 0xdf, 0xff, 0xff, 0xfa, 0x0d, 0xff,
    0xff, 0xff, 0xff, 0xff, 0xff, 0xff, 0xfa, 0x03,
    0xff, 0xff, 0xff, 0xff, 0xff, 0xff, 0xff, 0xfa,
    0x00, 0x4e, 0xff, 0xff, 0xff, 0xfe, 0x4f, 0xff,
    0xfa, 0x00, 0x01, 0x6b, 0xef, 0xeb, 0x60, 0x1f,
    0xff, 0xfa,

    /* U+0076 "v" */
    0x1f, 0xff, 0xff, 0x10, 0x00, 0x00, 0x00, 0x09,
    0xff, 0xff, 0x20, 0xaf, 0xff, 0xf7, 0x00, 0x00,
    0x00, 0x00, 0xff, 0xff, 0xc0, 0x04, 0xff, 0xff,
    0xd0, 0x00, 0x00, 0x00, 0x6f, 0xff, 0xf6, 0x00,
    0x0d, 0xff, 0xff, 0x40, 0x00, 0x00, 0x0d, 0xff,
    0xfe, 0x00, 0x00, 0x7f, 0xff, 0xfa, 0x00, 0x00,
    0x03, 0xff, 0xff, 0x90, 0x00, 0x01, 0xff, 0xff,
    0xf1, 0x00, 0x00, 0xaf, 0xff, 0xf2, 0x00, 0x00,
    0x0a, 0xff, 0xff, 0x60, 0x00, 0x1f, 0xff, 0xfc,
    0x00, 0x00, 0x00, 0x3f, 0xff, 0xfc, 0x00, 0x06,
    0xff, 0xff, 0x50, 0x00, 0x00, 0x00, 0xdf, 0xff,
    0xf3, 0x00, 0xdf, 0xff, 0xe0, 0x00, 0x00, 0x00,
    0x07, 0xff, 0xff, 0x90, 0x3f, 0xff, 0xf8, 0x00,
    0x00, 0x00, 0x00, 0x1f, 0xff, 0xfe, 0x0a, 0xff,
    0xff, 0x20, 0x00, 0x00, 0x00, 0x00, 0xaf, 0xff,
    0xf6, 0xff, 0xff, 0xb0, 0x00, 0x00, 0x00, 0x00,
    0x03, 0xff, 0xff, 0xff, 0xff, 0xf5, 0x00, 0x00,
    0x00, 0x00, 0x00, 0x0d, 0xff, 0xff, 0xff, 0xfe,
    0x00, 0x00, 0x00, 0x00, 0x00, 0x00, 0x7f, 0xff,
    0xff, 0xff, 0x80, 0x00, 0x00, 0x00, 0x00, 0x00,
    0x01, 0xff, 0xff, 0xff, 0xf2, 0x00, 0x00, 0x00,
    0x00, 0x00, 0x00, 0x0a, 0xff, 0xff, 0xfb, 0x00,
    0x00, 0x00, 0x00, 0x00, 0x00, 0x00, 0x3f, 0xff,
    0xff, 0x50, 0x00, 0x00, 0x00,

    /* U+0077 "w" */
    0xcf, 0xff, 0xe0, 0x00, 0x00, 0x00, 0x2f, 0xff,
    0xf6, 0x00, 0x00, 0x00, 0x0a, 0xff, 0xfc, 0x7f,
    0xff, 0xf3, 0x00, 0x00, 0x00, 0x7f, 0xff, 0xfc,
    0x00, 0x00, 0x00, 0x0f, 0xff, 0xf6, 0x1f, 0xff,
    0xf9, 0x00, 0x00, 0x00, 0xdf, 0xff, 0xff, 0x10,
    0x00, 0x00, 0x5f, 0xff, 0xf1, 0x0c, 0xff, 0xfe,
    0x00, 0x00, 0x03, 0xff, 0xff, 0xff, 0x60, 0x00,
    0x00, 0xaf, 0xff, 0xb0, 0x06, 0xff, 0xff, 0x30,
    0x00, 0x08, 0xff, 0xff, 0xff, 0xc0, 0x00, 0x00,
    0xff, 0xff, 0x60, 0x01, 0xff, 0xff, 0x90, 0x00,
    0x0e, 0xff, 0xff, 0xff, 0xf1, 0x00, 0x05, 0xff,
    0xff, 0x10, 0x00, 0xbf, 0xff, 0xe0, 0x00, 0x3f,
    0xff, 0xff, 0xff, 0xf6, 0x00, 0x0b, 0xff, 0xfb,
    0x00, 0x00, 0x6f, 0xff, 0xf3, 0x00, 0x9f, 0xff,
    0xcb, 0xff, 0xfc, 0x00, 0x1f, 0xff, 0xf5, 0x00,
    0x00, 0x1f, 0xff, 0xf9, 0x00, 0xef, 0xff, 0x75,
    0xff, 0xff, 0x10, 0x6f, 0xff, 0xf0, 0x00, 0x00,
    0x0b, 0xff, 0xfe, 0x04, 0xff, 0xff, 0x10, 0xff,
    0xff, 0x60, 0xbf, 0xff, 0xa0, 0x00, 0x00, 0x05,
    0xff, 0xff, 0x39, 0xff, 0xfb, 0x00, 0xaf, 0xff,
    0xc1, 0xff, 0xff, 0x50, 0x00, 0x00, 0x00, 0xff,
    0xff, 0x9f, 0xff, 0xf5, 0x00, 0x5f, 0xff, 0xf8,
    0xff, 0xff, 0x00, 0x00, 0x00, 0x00, 0xaf, 0xff,
    0xff, 0xff, 0xf0, 0x00, 0x0f, 0xff, 0xff, 0xff,
    0xf9, 0x00, 0x00, 0x00, 0x00, 0x5f, 0xff, 0xff,
    0xff, 0xa0, 0x00, 0x0a, 0xff, 0xff, 0xff, 0xf4,
    0x00, 0x00, 0x00, 0x00, 0x0f, 0xff, 0xff, 0xff,
    0x40, 0x00, 0x04, 0xff, 0xff, 0xff, 0xe0, 0x00,
    0x00, 0x00, 0x00, 0x0a, 0xff, 0xff, 0xfe, 0x00,
    0x00, 0x00, 0xef, 0xff, 0xff, 0x90, 0x00, 0x00,
    0x00, 0x00, 0x04, 0xff, 0xff, 0xf9, 0x00, 0x00,
    0x00, 0x9f, 0xff, 0xff, 0x30, 0x00, 0x00, 0x00,
    0x00, 0x00, 0xef, 0xff, 0xf3, 0x00, 0x00, 0x00,
    0x4f, 0xff, 0xfe, 0x00, 0x00, 0x00,

    /* U+0078 "x" */
    0x4f, 0xff, 0xff, 0x40, 0x00, 0x00, 0x1e, 0xff,
    0xff, 0x40, 0x9f, 0xff, 0xfe, 0x10, 0x00, 0x0b,
    0xff, 0xff, 0x90, 0x00, 0xdf, 0xff, 0xfa, 0x00,
    0x07, 0xff, 0xff, 0xc0, 0x00, 0x02, 0xff, 0xff,
    0xf6, 0x02, 0xff, 0xff, 0xf2, 0x00, 0x00, 0x06,
    0xff, 0xff, 0xf2, 0xdf, 0xff, 0xf6, 0x00, 0x00,
    0x00, 0x0b, 0xff, 0xff, 0xff, 0xff, 0xfa, 0x00,
    0x00, 0x00, 0x00, 0x1e, 0xff, 0xff, 0xff, 0xfd,
    0x00, 0x00, 0x00, 0x00, 0x00, 0x4f, 0xff, 0xff,
    0xff, 0x30, 0x00, 0x00, 0x00, 0x00, 0x00, 0x9f,
    0xff, 0xff, 0x70, 0x00, 0x00, 0x00, 0x00, 0x00,
    0x0a, 0xff, 0xff, 0xfb, 0x00, 0x00, 0x00, 0x00,
    0x00, 0x06, 0xff, 0xff, 0xff, 0xf7, 0x00, 0x00,
    0x00, 0x00, 0x02, 0xff, 0xff, 0xff, 0xff, 0xf3,
    0x00, 0x00, 0x00, 0x00, 0xdf, 0xff, 0xfd, 0xff,
    0xff, 0xd0, 0x00, 0x00, 0x00, 0x9f, 0xff, 0xfc,
    0x0d, 0xff, 0xff, 0xa0, 0x00, 0x00, 0x5f, 0xff,
    0xfe, 0x10, 0x3f, 0xff, 0xff, 0x50, 0x00, 0x1e,
    0xff, 0xff, 0x50, 0x00, 0x7f, 0xff, 0xff, 0x20,
    0x0c, 0xff, 0xff, 0xa0, 0x00, 0x00, 0xcf, 0xff,
    0xfc, 0x08, 0xff, 0xff, 0xd0, 0x00, 0x00, 0x02,
    0xff, 0xff, 0xf8,

    /* U+0079 "y" */
    0x1f, 0xff, 0xff, 0x10, 0x00, 0x00, 0x00, 0x09,
    0xff, 0xff, 0x20, 0x9f, 0xff, 0xf8, 0x00, 0x00,
    0x00, 0x01, 0xff, 0xff, 0xc0, 0x03, 0xff, 0xff,
    0xe0, 0x00, 0x00, 0x00, 0x6f, 0xff, 0xf5, 0x00,
    0x0c, 0xff, 0xff, 0x50, 0x00, 0x00, 0x0d, 0xff,
    0xfe, 0x00, 0x00, 0x5f, 0xff, 0xfb, 0x00, 0x00,
    0x04, 0xff, 0xff, 0x80, 0x00, 0x00, 0xef, 0xff,
    0xf2, 0x00, 0x00, 0xaf, 0xff, 0xf1, 0x00, 0x00,
    0x07, 0xff, 0xff, 0x80, 0x00, 0x1f, 0xff, 0xfa,
    0x00, 0x00, 0x00, 0x1f, 0xff, 0xfe, 0x00, 0x07,
    0xff, 0xff, 0x30, 0x00, 0x00, 0x00, 0xaf, 0xff,
    0xf5, 0x00, 0xef, 0xff, 0xd0, 0x00, 0x00, 0x00,
    0x03, 0xff, 0xff, 0xc0, 0x4f, 0xff, 0xf6, 0x00,
    0x00, 0x00, 0x00, 0x0c, 0xff, 0xff, 0x3b, 0xff,
    0xfe, 0x00, 0x00, 0x00, 0x00, 0x00, 0x5f, 0xff,
    0xfb, 0xff, 0xff, 0x80, 0x00, 0x00, 0x00, 0x00,
    0x00, 0xef, 0xff, 0xff, 0xff, 0xf2, 0x00, 0x00,
    0x00, 0x00, 0x00, 0x08, 0xff, 0xff, 0xff, 0xfb,
    0x00, 0x00, 0x00, 0x00, 0x00, 0x00, 0x1f, 0xff,
    0xff, 0xff, 0x40, 0x00, 0x00, 0x00, 0x00, 0x00,
    0x00, 0xaf, 0xff, 0xff, 0xd0, 0x00, 0x00, 0x00,
    0x00, 0x00, 0x00, 0x03, 0xff, 0xff, 0xf7, 0x00,
    0x00, 0x00, 0x00, 0x00, 0x00, 0x00, 0x0e, 0xff,
    0xff, 0x10, 0x00, 0x00, 0x00, 0x00, 0x00, 0x00,
    0x05, 0xff, 0xff, 0x90, 0x00, 0x00, 0x00, 0x00,
    0x0d, 0x94, 0x36, 0xff, 0xff, 0xf2, 0x00, 0x00,
    0x00, 0x00, 0x05, 0xff, 0xff, 0xff, 0xff, 0xfa,
    0x00, 0x00, 0x00, 0x00, 0x00, 0xdf, 0xff, 0xff,
    0xff, 0xfe, 0x10, 0x00, 0x00, 0x00, 0x00, 0x1e,
    0xff, 0xff, 0xff, 0xfd, 0x20, 0x00, 0x00, 0x00,
    0x00, 0x00, 0x06, 0xbe, 0xfe, 0xb6, 0x00, 0x00,
    0x00, 0x00, 0x00, 0x00,

    /* U+007A "z" */
    0xaf, 0xff, 0xff, 0xff, 0xff, 0xff, 0xff, 0xf3,
    0xaf, 0xff, 0xff, 0xff, 0xff, 0xff, 0xff, 0xf3,
    0xaf, 0xff, 0xff, 0xff, 0xff, 0xff, 0xff, 0xf3,
    0xaf, 0xff, 0xff, 0xff, 0xff, 0xff, 0xff, 0xd0,
    0x00, 0x00, 0x00, 0x00, 0x8f, 0xff, 0xfe, 0x20,
    0x00, 0x00, 0x00, 0x05, 0xff, 0xff, 0xf4, 0x00,
    0x00, 0x00, 0x00, 0x3f, 0xff, 0xff, 0x70, 0x00,
    0x00, 0x00, 0x01, 0xdf, 0xff, 0xfa, 0x00, 0x00,
    0x00, 0x00, 0x0b, 0xff, 0xff, 0xd0, 0x00, 0x00,
    0x00, 0x00, 0x8f, 0xff, 0xfe, 0x20, 0x00, 0x00,
    0x00, 0x05, 0xff, 0xff, 0xf4, 0x00, 0x00, 0x00,
    0x00, 0x3f, 0xff, 0xff, 0x70, 0x00, 0x00, 0x00,
    0x01, 0xdf, 0xff, 0xfa, 0x00, 0x00, 0x00, 0x00,
    0x0b, 0xff, 0xff, 0xd0, 0x00, 0x00, 0x00, 0x00,
    0x8f, 0xff, 0xff, 0xff, 0xff, 0xff, 0xff, 0xf7,
    0xef, 0xff, 0xff, 0xff, 0xff, 0xff, 0xff, 0xf7,
    0xef, 0xff, 0xff, 0xff, 0xff, 0xff, 0xff, 0xf7,
    0xef, 0xff, 0xff, 0xff, 0xff, 0xff, 0xff, 0xf7,

    /* U+007B "{" */
    0x00, 0x00, 0x01, 0x8d, 0xff, 0xf0, 0x00, 0x00,
    0x4f, 0xff, 0xff, 0xf0, 0x00, 0x01, 0xef, 0xff,
    0xff, 0xf0, 0x00, 0x07, 0xff, 0xff, 0xff, 0xf0,
    0x00, 0x0b, 0xff, 0xff, 0xd3, 0x00, 0x00, 0x0d,
    0xff, 0xff, 0x40, 0x00, 0x00, 0x0d, 0xff, 0xff,
    0x20, 0x00, 0x00, 0x0e, 0xff, 0xff, 0x20, 0x00,
    0x00, 0x0e, 0xff, 0xff, 0x20, 0x00, 0x00, 0x0e,
    0xff, 0xff, 0x20, 0x00, 0x00, 0x0e, 0xff, 0xff,
    0x20, 0x00, 0x00, 0x0e, 0xff, 0xff, 0x20, 0x00,
    0x00, 0x0e, 0xff, 0xff, 0x10, 0x00, 0x00, 0x5f,
    0xff, 0xff, 0x00, 0x00, 0x5f, 0xff, 0xff, 0xfa,
    0x00, 0x00, 0x5f, 0xff, 0xff, 0xb1, 0x00, 0x00,
    0x5f, 0xff, 0xff, 0xc1, 0x00, 0x00, 0x5f, 0xff,
    0xff, 0xfb, 0x00, 0x00, 0x00, 0x4f, 0xff, 0xff,
    0x00, 0x00, 0x00, 0x0e, 0xff, 0xff, 0x10, 0x00,
    0x00, 0x0e, 0xff, 0xff, 0x20, 0x00, 0x00, 0x0e,
    0xff, 0xff, 0x20, 0x00, 0x00, 0x0e, 0xff, 0xff,
    0x20, 0x00, 0x00, 0x0e, 0xff, 0xff, 0x20, 0x00,
    0x00, 0x0e, 0xff, 0xff, 0x20, 0x00, 0x00, 0x0d,
    0xff, 0xff, 0x40, 0x00, 0x00, 0x0c, 0xff, 0xff,
    0xc3, 0x00, 0x00, 0x08, 0xff, 0xff, 0xff, 0xf0,
    0x00, 0x02, 0xff, 0xff, 0xff, 0xf0, 0x00, 0x00,
    0x5f, 0xff, 0xff, 0xf0, 0x00, 0x00, 0x02, 0x9d,
    0xff, 0xf0,

    /* U+007C "|" */
    0x4d, 0xdd, 0xd3, 0x5f, 0xff, 0xf3, 0x5f, 0xff,
    0xf3, 0x5f, 0xff, 0xf3, 0x5f, 0xff, 0xf3, 0x5f,
    0xff, 0xf3, 0x5f, 0xff, 0xf3, 0x5f, 0xff, 0xf3,
    0x5f, 0xff, 0xf3, 0x5f, 0xff, 0xf3, 0x5f, 0xff,
    0xf3, 0x5f, 0xff, 0xf3, 0x5f, 0xff, 0xf3, 0x5f,
    0xff, 0xf3, 0x5f, 0xff, 0xf3, 0x5f, 0xff, 0xf3,
    0x5f, 0xff, 0xf3, 0x5f, 0xff, 0xf3, 0x5f, 0xff,
    0xf3, 0x5f, 0xff, 0xf3, 0x5f, 0xff, 0xf3, 0x5f,
    0xff, 0xf3, 0x5f, 0xff, 0xf3, 0x5f, 0xff, 0xf3,
    0x5f, 0xff, 0xf3, 0x5f, 0xff, 0xf3, 0x5f, 0xff,
    0xf3, 0x5f, 0xff, 0xf3, 0x5f, 0xff, 0xf3, 0x5f,
    0xff, 0xf3, 0x5f, 0xff, 0xf3,

    /* U+007D "}" */
    0x8f, 0xfe, 0xb5, 0x00, 0x00, 0x08, 0xff, 0xff,
    0xfb, 0x00, 0x00, 0x8f, 0xff, 0xff, 0xf8, 0x00,
    0x08, 0xff, 0xff, 0xff, 0xf0, 0x00, 0x01, 0x7f,
    0xff, 0xff, 0x30, 0x00, 0x00, 0xcf, 0xff, 0xf5,
    0x00, 0x00, 0x0a, 0xff, 0xff, 0x60, 0x00, 0x00,
    0x9f, 0xff, 0xf6, 0x00, 0x00, 0x09, 0xff, 0xff,
    0x60, 0x00, 0x00, 0x9f, 0xff, 0xf6, 0x00, 0x00,
    0x09, 0xff, 0xff, 0x60, 0x00, 0x00, 0x9f, 0xff,
    0xf6, 0x00, 0x00, 0x09, 0xff, 0xff, 0x60, 0x00,
    0x00, 0x7f, 0xff, 0xfc, 0x10, 0x00, 0x02, 0xff,
    0xff, 0xff, 0xd0, 0x00, 0x05, 0xef, 0xff, 0xfd,
    0x00, 0x00, 0x6f, 0xff, 0xff, 0xd0, 0x00, 0x3f,
    0xff, 0xff, 0xfd, 0x00, 0x08, 0xff, 0xff, 0xb0,
    0x00, 0x00, 0x9f, 0xff, 0xf6, 0x00, 0x00, 0x09,
    0xff, 0xff, 0x60, 0x00, 0x00, 0x9f, 0xff, 0xf6,
    0x00, 0x00, 0x09, 0xff, 0xff, 0x60, 0x00, 0x00,
    0x9f, 0xff, 0xf6, 0x00, 0x00, 0x09, 0xff, 0xff,
    0x60, 0x00, 0x00, 0xcf, 0xff, 0xf5, 0x00, 0x01,
    0x6f, 0xff, 0xff, 0x40, 0x08, 0xff, 0xff, 0xff,
    0xf1, 0x00, 0x8f, 0xff, 0xff, 0xf9, 0x00, 0x08,
    0xff, 0xff, 0xfc, 0x00, 0x00, 0x8f, 0xfe, 0xb6,
    0x00, 0x00, 0x00,

    /* U+007E "~" */
    0x00, 0x04, 0x9b, 0x93, 0x00, 0x00, 0x03, 0x66,
    0x30, 0x09, 0xff, 0xff, 0xf8, 0x00, 0x00, 0xaf,
    0xf8, 0x06, 0xff, 0xff, 0xff, 0xfc, 0x10, 0x2f,
    0xff, 0x60, 0xdf, 0xff, 0xff, 0xff, 0xff, 0xcf,
    0xff, 0xf2, 0x2f, 0xff, 0x91, 0x3d, 0xff, 0xff,
    0xff, 0xfb, 0x05, 0xff, 0xe0, 0x00, 0x1a, 0xff,
    0xff, 0xfe, 0x20, 0x4b, 0xb8, 0x00, 0x00, 0x05,
    0xcf, 0xea, 0x20, 0x00,

    /* U+00B0 "°" */
    0x00, 0x01, 0x68, 0x73, 0x00, 0x00, 0x00, 0x8f,
    0xff, 0xff, 0xb1, 0x00, 0x09, 0xff, 0xff, 0xff,
    0xfd, 0x00, 0x4f, 0xfe, 0x40, 0x2b, 0xff, 0x90,
    0xaf, 0xf3, 0x00, 0x00, 0xdf, 0xf0, 0xdf, 0xd0,
    0x00, 0x00, 0x7f, 0xf3, 0xef, 0xc0, 0x00, 0x00,
    0x6f, 0xf3, 0xcf, 0xf0, 0x00, 0x00, 0x9f, 0xf1,
    0x7f, 0xf9, 0x00, 0x04, 0xff, 0xc0, 0x0d, 0xff,
    0xd9, 0xbf, 0xff, 0x40, 0x02, 0xef, 0xff, 0xff,
    0xf6, 0x00, 0x00, 0x18, 0xdf, 0xea, 0x30, 0x00,

    /* U+2014 "—" */
    0x33, 0x33, 0x33, 0x33, 0x33, 0x33, 0x33, 0x33,
    0x33, 0x33, 0x33, 0x33, 0x33, 0x33, 0x33, 0x33,
    0xff, 0xff, 0xff, 0xff, 0xff, 0xff, 0xff, 0xff,
    0xff, 0xff, 0xff, 0xff, 0xff, 0xff, 0xff, 0xff,
    0xff, 0xff, 0xff, 0xff, 0xff, 0xff, 0xff, 0xff,
    0xff, 0xff, 0xff, 0xff, 0xff, 0xff, 0xff, 0xff,
    0xff, 0xff, 0xff, 0xff, 0xff, 0xff, 0xff, 0xff,
    0xff, 0xff, 0xff, 0xff, 0xff, 0xff, 0xff, 0xff,

    /* U+2022 "•" */
    0x00, 0x02, 0x43, 0x00, 0x00, 0x09, 0xff, 0xfd,
    0x30, 0x09, 0xff, 0xff, 0xfe, 0x11, 0xff, 0xff,
    0xff, 0xf8, 0x3f, 0xff, 0xff, 0xff, 0xb2, 0xff,
    0xff, 0xff, 0xfa, 0x0e, 0xff, 0xff, 0xff, 0x50,
    0x5f, 0xff, 0xff, 0xc0, 0x00, 0x4c, 0xfe, 0x80,
    0x00
};

/*---------------------
 *  GLYPH DESCRIPTION
 *--------------------*/

static const lv_font_fmt_txt_glyph_dsc_t glyph_dsc[] = {
    {.bitmap_index = 0, .adv_w = 0, .box_w = 0, .box_h = 0, .ofs_x = 0, .ofs_y = 0} /* id = 0 reserved */,
    {.bitmap_index = 0, .adv_w = 145, .box_w = 0, .box_h = 0, .ofs_x = 0, .ofs_y = 0},
    {.bitmap_index = 0, .adv_w = 148, .box_w = 7, .box_h = 23, .ofs_x = 1, .ofs_y = 0},
    {.bitmap_index = 81, .adv_w = 224, .box_w = 12, .box_h = 10, .ofs_x = 1, .ofs_y = 13},
    {.bitmap_index = 141, .adv_w = 369, .box_w = 23, .box_h = 23, .ofs_x = 0, .ofs_y = 0},
    {.bitmap_index = 406, .adv_w = 327, .box_w = 20, .box_h = 31, .ofs_x = 0, .ofs_y = -4},
    {.bitmap_index = 716, .adv_w = 449, .box_w = 28, .box_h = 23, .ofs_x = 0, .ofs_y = 0},
    {.bitmap_index = 1038, .adv_w = 373, .box_w = 22, .box_h = 23, .ofs_x = 1, .ofs_y = 0},
    {.bitmap_index = 1291, .adv_w = 118, .box_w = 5, .box_h = 10, .ofs_x = 1, .ofs_y = 13},
    {.bitmap_index = 1316, .adv_w = 183, .box_w = 10, .box_h = 31, .ofs_x = 2, .ofs_y = -6},
    {.bitmap_index = 1471, .adv_w = 183, .box_w = 10, .box_h = 31, .ofs_x = 0, .ofs_y = -6},
    {.bitmap_index = 1626, .adv_w = 222, .box_w = 14, .box_h = 14, .ofs_x = 0, .ofs_y = 11},
    {.bitmap_index = 1724, .adv_w = 307, .box_w = 17, .box_h = 16, .ofs_x = 1, .ofs_y = 4},
    {.bitmap_index = 1860, .adv_w = 134, .box_w = 7, .box_h = 12, .ofs_x = 1, .ofs_y = -5},
    {.bitmap_index = 1902, .adv_w = 198, .box_w = 10, .box_h = 5, .ofs_x = 1, .ofs_y = 7},
    {.bitmap_index = 1927, .adv_w = 134, .box_w = 7, .box_h = 7, .ofs_x = 1, .ofs_y = 0},
    {.bitmap_index = 1952, .adv_w = 201, .box_w = 16, .box_h = 31, .ofs_x = -2, .ofs_y = -3},
    {.bitmap_index = 2200, .adv_w = 348, .box_w = 20, .box_h = 23, .ofs_x = 1, .ofs_y = 0},
    {.bitmap_index = 2430, .adv_w = 201, .box_w = 10, .box_h = 23, .ofs_x = 0, .ofs_y = 0},
    {.bitmap_index = 2545, .adv_w = 302, .box_w = 18, .box_h = 23, .ofs_x = 0, .ofs_y = 0},
    {.bitmap_index = 2752, .adv_w = 303, .box_w = 19, .box_h = 23, .ofs_x = -1, .ofs_y = 0},
    {.bitmap_index = 2971, .adv_w = 353, .box_w = 22, .box_h = 23, .ofs_x = 0, .ofs_y = 0},
    {.bitmap_index = 3224, .adv_w = 305, .box_w = 19, .box_h = 23, .ofs_x = 0, .ofs_y = 0},
    {.bitmap_index = 3443, .adv_w = 326, .box_w = 19, .box_h = 23, .ofs_x = 1, .ofs_y = 0},
    {.bitmap_index = 3662, .adv_w = 317, .box_w = 19, .box_h = 23, .ofs_x = 0, .ofs_y = 0},
    {.bitmap_index = 3881, .adv_w = 338, .box_w = 19, .box_h = 23, .ofs_x = 1, .ofs_y = 0},
    {.bitmap_index = 4100, .adv_w = 326, .box_w = 20, .box_h = 23, .ofs_x = 0, .ofs_y = 0},
    {.bitmap_index = 4330, .adv_w = 134, .box_w = 7, .box_h = 18, .ofs_x = 1, .ofs_y = 0},
    {.bitmap_index = 4393, .adv_w = 134, .box_w = 7, .box_h = 23, .ofs_x = 1, .ofs_y = -5},
    {.bitmap_index = 4474, .adv_w = 307, .box_w = 17, .box_h = 17, .ofs_x = 1, .ofs_y = 3},
    {.bitmap_index = 4619, .adv_w = 307, .box_w = 17, .box_h = 13, .ofs_x = 1, .ofs_y = 5},
    {.bitmap_index = 4730, .adv_w = 307, .box_w = 17, .box_h = 17, .ofs_x = 1, .ofs_y = 3},
    {.bitmap_index = 4875, .adv_w = 302, .box_w = 19, .box_h = 23, .ofs_x = -1, .ofs_y = 0},
    {.bitmap_index = 5094, .adv_w = 530, .box_w = 31, .box_h = 29, .ofs_x = 1, .ofs_y = -6},
    {.bitmap_index = 5544, .adv_w = 392, .box_w = 26, .box_h = 23, .ofs_x = -1, .ofs_y = 0},
    {.bitmap_index = 5843, .adv_w = 392, .box_w = 22, .box_h = 23, .ofs_x = 2, .ofs_y = 0},
    {.bitmap_index = 6096, .adv_w = 371, .box_w = 22, .box_h = 23, .ofs_x = 1, .ofs_y = 0},
    {.bitmap_index = 6349, .adv_w = 423, .box_w = 24, .box_h = 23, .ofs_x = 2, .ofs_y = 0},
    {.bitmap_index = 6625, .adv_w = 344, .box_w = 18, .box_h = 23, .ofs_x = 2, .ofs_y = 0},
    {.bitmap_index = 6832, .adv_w = 327, .box_w = 18, .box_h = 23, .ofs_x = 2, .ofs_y = 0},
    {.bitmap_index = 7039, .adv_w = 395, .box_w = 22, .box_h = 23, .ofs_x = 1, .ofs_y = 0},
    {.bitmap_index = 7292, .adv_w = 414, .box_w = 22, .box_h = 23, .ofs_x = 2, .ofs_y = 0},
    {.bitmap_index = 7545, .adv_w = 168, .box_w = 6, .box_h = 23, .ofs_x = 2, .ofs_y = 0},
    {.bitmap_index = 7614, .adv_w = 277, .box_w = 16, .box_h = 23, .ofs_x = -1, .ofs_y = 0},
    {.bitmap_index = 7798, .adv_w = 379, .box_w = 23, .box_h = 23, .ofs_x = 2, .ofs_y = 0},
    {.bitmap_index = 8063, .adv_w = 309, .box_w = 18, .box_h = 23, .ofs_x = 2, .ofs_y = 0},
    {.bitmap_index = 8270, .adv_w = 489, .box_w = 26, .box_h = 23, .ofs_x = 2, .ofs_y = 0},
    {.bitmap_index = 8569, .adv_w = 414, .box_w = 22, .box_h = 23, .ofs_x = 2, .ofs_y = 0},
    {.bitmap_index = 8822, .adv_w = 432, .box_w = 25, .box_h = 23, .ofs_x = 1, .ofs_y = 0},
    {.bitmap_index = 9110, .adv_w = 375, .box_w = 21, .box_h = 23, .ofs_x = 2, .ofs_y = 0},
    {.bitmap_index = 9352, .adv_w = 432, .box_w = 26, .box_h = 29, .ofs_x = 1, .ofs_y = -6},
    {.bitmap_index = 9729, .adv_w = 376, .box_w = 21, .box_h = 23, .ofs_x = 2, .ofs_y = 0},
    {.bitmap_index = 9971, .adv_w = 327, .box_w = 20, .box_h = 23, .ofs_x = 0, .ofs_y = 0},
    {.bitmap_index = 10201, .adv_w = 316, .box_w = 20, .box_h = 23, .ofs_x = 0, .ofs_y = 0},
    {.bitmap_index = 10431, .adv_w = 403, .box_w = 21, .box_h = 23, .ofs_x = 2, .ofs_y = 0},
    {.bitmap_index = 10673, .adv_w = 382, .box_w = 26, .box_h = 23, .ofs_x = -1, .ofs_y = 0},
    {.bitmap_index = 10972, .adv_w = 595, .box_w = 37, .box_h = 23, .ofs_x = 0, .ofs_y = 0},
    {.bitmap_index = 11398, .adv_w = 366, .box_w = 23, .box_h = 23, .ofs_x = 0, .ofs_y = 0},
    {.bitmap_index = 11663, .adv_w = 346, .box_w = 24, .box_h = 23, .ofs_x = -1, .ofs_y = 0},
    {.bitmap_index = 11939, .adv_w = 344, .box_w = 20, .box_h = 23, .ofs_x = 1, .ofs_y = 0},
    {.bitmap_index = 12169, .adv_w = 188, .box_w = 10, .box_h = 31, .ofs_x = 2, .ofs_y = -6},
    {.bitmap_index = 12324, .adv_w = 201, .box_w = 16, .box_h = 31, .ofs_x = -2, .ofs_y = -3},
    {.bitmap_index = 12572, .adv_w = 188, .box_w = 10, .box_h = 31, .ofs_x = 0, .ofs_y = -6},
    {.bitmap_index = 12727, .adv_w = 307, .box_w = 17, .box_h = 14, .ofs_x = 1, .ofs_y = 5},
    {.bitmap_index = 12846, .adv_w = 256, .box_w = 16, .box_h = 3, .ofs_x = 0, .ofs_y = -3},
    {.bitmap_index = 12870, .adv_w = 307, .box_w = 11, .box_h = 5, .ofs_x = 2, .ofs_y = 20},
    {.bitmap_index = 12898, .adv_w = 316, .box_w = 17, .box_h = 18, .ofs_x = 1, .ofs_y = 0},
    {.bitmap_index = 13051, .adv_w = 353, .box_w = 20, .box_h = 25, .ofs_x = 2, .ofs_y = 0},
    {.bitmap_index = 13301, .adv_w = 303, .box_w = 18, .box_h = 18, .ofs_x = 1, .ofs_y = 0},
    {.bitmap_index = 13463, .adv_w = 354, .box_w = 19, .box_h = 25, .ofs_x = 1, .ofs_y = 0},
    {.bitmap_index = 13701, .adv_w = 323, .box_w = 19, .box_h = 18, .ofs_x = 1, .ofs_y = 0},
    {.bitmap_index = 13872, .adv_w = 198, .box_w = 14, .box_h = 25, .ofs_x = 0, .ofs_y = 0},
    {.bitmap_index = 14047, .adv_w = 358, .box_w = 20, .box_h = 24, .ofs_x = 1, .ofs_y = -6},
    {.bitmap_index = 14287, .adv_w = 354, .box_w = 18, .box_h = 25, .ofs_x = 2, .ofs_y = 0},
    {.bitmap_index = 14512, .adv_w = 154, .box_w = 7, .box_h = 26, .ofs_x = 1, .ofs_y = 0},
    {.bitmap_index = 14603, .adv_w = 157, .box_w = 12, .box_h = 33, .ofs_x = -3, .ofs_y = -6},
    {.bitmap_index = 14801, .adv_w = 335, .box_w = 20, .box_h = 25, .ofs_x = 2, .ofs_y = 0},
    {.bitmap_index = 15051, .adv_w = 154, .box_w = 6, .box_h = 25, .ofs_x = 2, .ofs_y = 0},
    {.bitmap_index = 15126, .adv_w = 537, .box_w = 30, .box_h = 18, .ofs_x = 2, .ofs_y = 0},
    {.bitmap_index = 15396, .adv_w = 354, .box_w = 18, .box_h = 18, .ofs_x = 2, .ofs_y = 0},
    {.bitmap_index = 15558, .adv_w = 335, .box_w = 19, .box_h = 18, .ofs_x = 1, .ofs_y = 0},
    {.bitmap_index = 15729, .adv_w = 353, .box_w = 20, .box_h = 24, .ofs_x = 2, .ofs_y = -6},
    {.bitmap_index = 15969, .adv_w = 353, .box_w = 19, .box_h = 24, .ofs_x = 1, .ofs_y = -6},
    {.bitmap_index = 16197, .adv_w = 221, .box_w = 11, .box_h = 18, .ofs_x = 2, .ofs_y = 0},
    {.bitmap_index = 16296, .adv_w = 272, .box_w = 17, .box_h = 18, .ofs_x = 0, .ofs_y = 0},
    {.bitmap_index = 16449, .adv_w = 223, .box_w = 14, .box_h = 22, .ofs_x = 0, .ofs_y = 0},
    {.bitmap_index = 16603, .adv_w = 352, .box_w = 18, .box_h = 18, .ofs_x = 2, .ofs_y = 0},
    {.bitmap_index = 16765, .adv_w = 306, .box_w = 21, .box_h = 18, .ofs_x = -1, .ofs_y = 0},
    {.bitmap_index = 16954, .adv_w = 480, .box_w = 30, .box_h = 18, .ofs_x = 0, .ofs_y = 0},
    {.bitmap_index = 17224, .adv_w = 305, .box_w = 19, .box_h = 18, .ofs_x = 0, .ofs_y = 0},
    {.bitmap_index = 17395, .adv_w = 306, .box_w = 21, .box_h = 24, .ofs_x = -1, .ofs_y = -6},
    {.bitmap_index = 17647, .adv_w = 278, .box_w = 16, .box_h = 18, .ofs_x = 1, .ofs_y = 0},
    {.bitmap_index = 17791, .adv_w = 200, .box_w = 12, .box_h = 31, .ofs_x = 1, .ofs_y = -6},
    {.bitmap_index = 17977, .adv_w = 158, .box_w = 6, .box_h = 31, .ofs_x = 2, .ofs_y = -6},
    {.bitmap_index = 18070, .adv_w = 200, .box_w = 11, .box_h = 31, .ofs_x = 0, .ofs_y = -6},
    {.bitmap_index = 18241, .adv_w = 307, .box_w = 17, .box_h = 7, .ofs_x = 1, .ofs_y = 8},
    {.bitmap_index = 18301, .adv_w = 214, .box_w = 12, .box_h = 12, .ofs_x = 1, .ofs_y = 12},
    {.bitmap_index = 18373, .adv_w = 512, .box_w = 32, .box_h = 4, .ofs_x = 0, .ofs_y = 8},
    {.bitmap_index = 18437, .adv_w = 183, .box_w = 9, .box_h = 9, .ofs_x = 1, .ofs_y = 5}
};

/*---------------------
 *  CHARACTER MAPPING
 *--------------------*/

static const uint16_t unicode_list_1[] = {
    0x00, 0x1f64, 0x1f72
};

/*Collect the unicode lists and glyph_id offsets*/
static const lv_font_fmt_txt_cmap_t cmaps[] =
{
    {
        .range_start = 32, .range_length = 95, .glyph_id_start = 1,
        .unicode_list = NULL, .glyph_id_ofs_list = NULL, .list_length = 0, .type = LV_FONT_FMT_TXT_CMAP_FORMAT0_TINY
    },
    {
        .range_start = 176, .range_length = 8051, .glyph_id_start = 96,
        .unicode_list = unicode_list_1, .glyph_id_ofs_list = NULL, .list_length = 3, .type = LV_FONT_FMT_TXT_CMAP_SPARSE_TINY
    }
};

/*-----------------
 *    KERNING
 *----------------*/

/*Map glyph_ids to kern left classes*/
static const uint8_t kern_left_class_mapping[] =
{
    0, 0, 1, 2, 0, 3, 4, 5,
    2, 6, 0, 7, 8, 9, 8, 9,
    10, 11, 0, 12, 13, 14, 15, 16,
    17, 18, 11, 19, 19, 0, 0, 0,
    20, 21, 0, 0, 0, 0, 0, 0,
    0, 0, 0, 0, 0, 0, 0, 0,
    0, 0, 0, 0, 0, 0, 0, 0,
    0, 0, 0, 0, 22, 23, 0, 0,
    24, 0, 0, 0, 0, 0, 0, 0,
    0, 0, 0, 0, 0, 0, 0, 0,
    0, 0, 0, 0, 0, 0, 0, 0,
    0, 0, 0, 0, 22, 0, 0, 8,
    25, 0, 8
};

/*Map glyph_ids to kern right classes*/
static const uint8_t kern_right_class_mapping[] =
{
    0, 0, 1, 2, 0, 3, 4, 5,
    2, 0, 6, 7, 8, 9, 8, 9,
    10, 11, 12, 13, 14, 15, 16, 11,
    17, 18, 19, 20, 20, 0, 0, 0,
    21, 22, 0, 0, 0, 0, 0, 0,
    0, 0, 0, 0, 0, 0, 0, 0,
    0, 0, 0, 0, 0, 0, 0, 0,
    0, 0, 0, 0, 23, 24, 25, 0,
    26, 0, 0, 0, 0, 0, 0, 0,
    0, 0, 0, 0, 0, 0, 0, 0,
    0, 0, 0, 0, 0, 0, 0, 0,
    0, 0, 0, 0, 0, 0, 25, 8,
    27, 0, 8
};

/*Kern values between classes*/
static const int8_t kern_class_values[] =
{
    0, 2, 0, 0, 0, 0, 4, 0,
    2, 0, 0, 5, 0, 0, 0, 0,
    2, 0, 0, 0, 0, 0, 0, 0,
    2, 0, 0, 2, 23, 0, 12, -9,
    0, 10, 0, -28, -31, 2, 23, 9,
    7, -20, 2, 20, 0, 19, 5, 14,
    -8, 0, 31, 7, -2, 10, 0, -15,
    0, 0, 0, 0, -10, 7, 10, 0,
    0, -5, 0, -2, 5, 0, -5, 0,
    -5, -3, -10, 0, 0, -5, 0, -10,
    -8, 0, -12, 0, -64, 0, -10, -26,
    10, 15, 0, 0, -10, 5, 5, 16,
    10, -7, 10, 0, 0, -28, 0, 0,
    -17, 0, 0, -12, -7, -20, 0, -20,
    -2, 0, -15, 0, -2, 15, 0, -15,
    -7, -2, 2, 0, -7, 0, 0, -4,
    -33, 0, 0, -41, -7, 11, -26, 0,
    0, 0, 0, 0, 0, 0, 0, 0,
    18, 0, 5, 0, 0, -10, 0, 0,
    0, 0, 0, 0, 0, 0, 22, 7,
    2, 0, 4, 10, 5, 15, -5, 0,
    10, -5, -18, -68, 2, 12, 10, -1,
    -6, 0, 12, 0, 14, 0, 14, 0,
    0, 0, 2, -5, 15, 0, 0, -7,
    -17, 0, 0, -5, 2, -4, 0, 2,
    -11, -8, -10, 2, 0, -5, 0, 0,
    0, -20, 2, 0, -33, 0, 0, 0,
    2, -28, 5, -34, 0, 0, -18, -4,
    0, 46, -7, -8, 5, 5, 0, 0,
    -8, 5, 0, 0, -29, -10, 0, -48,
    0, 5, -34, 0, 31, -10, 0, -17,
    18, 0, -36, -48, -37, -10, 15, 0,
    0, -33, 0, 4, -13, 0, -8, 0,
    -10, 0, 7, 15, -60, 23, 0, 2,
    0, 0, 0, 0, 2, 2, -7, -10,
    0, -2, -2, -5, 0, 0, -2, 0,
    0, 0, -10, 0, 0, -10, 0, -10,
    0, 0, 0, 0, 5, -2, 0, 0,
    -2, 5, 5, 0, 0, 0, 0, -5,
    0, 0, 0, 0, 0, 0, 0, 0,
    -2, 0, 15, 0, 0, -5, 0, -5,
    0, 0, 0, 0, 0, 0, 0, 0,
    -3, -3, 0, -5, -5, 0, 0, 0,
    0, 0, 0, 0, 0, 0, -8, 0,
    -15, -2, -15, 10, 0, -10, 5, 10,
    12, 0, -13, 0, -4, 0, 0, -22,
    5, -2, 4, -29, 5, 0, -26, 0,
    10, -15, 0, 0, 0, -5, 0, 0,
    -5, 0, 0, 0, 0, 0, -3, -3,
    0, -3, -6, 0, 0, 0, 0, 0,
    0, -5, 0, 0, -4, 0, -2, 0,
    -10, 5, 0, -4, 3, 5, 5, 0,
    0, 0, 0, 0, 0, -2, 0, 0,
    0, 0, 0, 0, 0, 0, 0, -8,
    0, 15, -2, 2, -14, 0, 12, -26,
    -25, -20, -10, 5, 0, -4, -33, -9,
    0, -9, 0, -10, 8, -9, 0, 5,
    4, -15, 5, 0, 0, 0, -5, 0,
    0, 2, 0, 5, 0, 0, 0, 0,
    0, 0, 0, 0, 0, 0, 0, -5,
    0, 0, -15, 0, 0, 0, 0, 5,
    0, 0, 0, 0, 0, 0, 0, 27,
    0, 0, 0, 0, 0, 0, 2, 0,
    0, 0, -5, 0, 0, -11, 0, 5,
    0, -2, 0, 0, 0, -5, 0, 4,
    0, -26, -15, 0, 0, 0, -8, -26,
    0, 0, -5, 5, 0, -15, -2, -4,
    0, 0, -8, 5, 0, -8, 0, 0,
    0, 4, 0, 2, -10, -10, 0, -5,
    -5, -7, 0, 0, 0, 0, 0, 0,
    -15, 0, 0, -10, 7, -15, 5, 2,
    7, 0, 0, 0, 7, 2, -2, 0,
    22, 0, 12, 2, 2, -8, 0, 10,
    0, 0, 0, 7, 0, 0, 15, 0,
    17, 0, 0, -31, 0, -5, 7, 15,
    -68, 0, 46, 4, -10, -10, 5, 5,
    -2, 2, -26, 0, 0, 27, -31, -10,
    0, -37, 22, 72, -31, 0, -2, 10,
    -12, 0, 2, -5, 0, 5, 61, -10,
    -4, 14, 12, -12, 5, 0, 0, 5,
    5, -9, -15, 0, -67, 17, 0, 0,
    0, 10, 10, 13, 0, 0, 15, 0,
    -34, -28, 0, 24, 15, 9, -20, 2,
    19, 0, 17, 0, 10, 5, 0, 29,
    0, 0, 0
};

/*Collect the kern class' data in one place*/
static const lv_font_fmt_txt_kern_classes_t kern_classes =
{
    .class_pair_values   = kern_class_values,
    .left_class_mapping  = kern_left_class_mapping,
    .right_class_mapping = kern_right_class_mapping,
    .left_class_cnt      = 25,
    .right_class_cnt     = 27,
};

/*--------------------
 *  ALL CUSTOM DATA
 *--------------------*/

#if LVGL_VERSION_MAJOR == 8
/*Store all the custom data of the font*/
static  lv_font_fmt_txt_glyph_cache_t cache;
#endif

#if LVGL_VERSION_MAJOR >= 8
static const lv_font_fmt_txt_dsc_t font_dsc = {
#else
static lv_font_fmt_txt_dsc_t font_dsc = {
#endif
    .glyph_bitmap = glyph_bitmap,
    .glyph_dsc = glyph_dsc,
    .cmaps = cmaps,
    .kern_dsc = &kern_classes,
    .kern_scale = 16,
    .cmap_num = 2,
    .bpp = 4,
    .kern_classes = 1,
    .bitmap_format = 0,
#if LVGL_VERSION_MAJOR == 8
    .cache = &cache
#endif

};



/*-----------------
 *  PUBLIC FONT
 *----------------*/

/*Initialize a public general font descriptor*/
#if LVGL_VERSION_MAJOR >= 8
const lv_font_t font_h2_data = {
#else
lv_font_t font_h2_data = {
#endif
    .get_glyph_dsc = lv_font_get_glyph_dsc_fmt_txt,    /*Function pointer to get glyph's data*/
    .get_glyph_bitmap = lv_font_get_bitmap_fmt_txt,    /*Function pointer to get glyph's bitmap*/
    .line_height = 34,          /*The maximum line height required by the font*/
    .base_line = 6,             /*Baseline measured from the bottom of the line*/
#if LV_VERSION_CHECK(9, 6, 0) || LVGL_VERSION_MAJOR >= 10
    .cap_height = 22,           /*Cap height of the font*/
    .x_height = 17,               /*x-height of the font*/
#endif
#if !(LVGL_VERSION_MAJOR == 6 && LVGL_VERSION_MINOR == 0)
    .subpx = LV_FONT_SUBPX_NONE,
#endif
#if LV_VERSION_CHECK(7, 4, 0) || LVGL_VERSION_MAJOR >= 8
    .underline_position = -3,
    .underline_thickness = 2,
#endif

#if LV_VERSION_CHECK(9, 3, 0)
    .static_bitmap = 1,    /*Bitmaps are stored as const so they are always static if not compressed */
#endif

    .dsc = &font_dsc,          /*The custom font data. Will be accessed by `get_glyph_bitmap/dsc` */
#if LV_VERSION_CHECK(8, 2, 0) || LVGL_VERSION_MAJOR >= 9
    .fallback = NULL,
#endif
    .user_data = NULL,
};



#endif /*#if FONT_H2_DATA*/
